actor_id,name
0,张驰
1,王子清
2,梁国荣
3,张公乐
4,余健凯
5,伊恩·麦克莱恩
6,马丁·弗瑞曼
7,理查德·阿米蒂奇
8,本尼迪克特·康伯巴奇
9,奥兰多·布鲁姆
10,崔维斯·费米尔
11,托比·凯贝尔
12,宝拉·巴顿
13,吴彦祖
14,本·福斯特
15,郭富城
16,李若彤
17,洪金宝
18,唐文龙
19,刘国昌
20,肖央
21,赵丽颖
22,刘烨
23,冯德伦
24,吴晓亮
25,梁朝伟
26,白百何
27,井柏然
28,李宇春
29,杨祐宁
30,本·卫肖
31,妮可·基德曼
32,休·博纳维尔
33,莎莉·霍金斯
34,萨缪尔·乔斯林
35,范楚绒
36,洪海天
37,李晔
38,贾邱
39,胡谦
40,休·杰克曼
41,帕特里克·斯图尔特
42,达芙妮·基恩
43,波伊德·霍布鲁克
44,斯戴芬·莫昌特
45,汤姆·克鲁斯
46,海莉·阿特维尔
47,文·瑞姆斯
48,西蒙·佩吉
49,埃塞·莫拉雷斯
50,于潇爽
51,郭喆
52,荣蓉
53,雷汉
54,李泗元
55,刘子玄
56,多妮
57,李强
58,明笑亮
59,莫西子诗
60,柯荣
61,柳强强
62,王小妮
63,曹振鹏
64,龙亚珍
65,李庆誉
66,张立
67,墨阳
68,周小镔
69,孙嘉忆
70,陈明昊
71,郭晓东
72,李一桐
73,陈都灵
74,景岗山
75,孙宁
76,孔雁
77,宝拉·柯特莱西
78,瓦莱里奥·马斯坦德雷亚
79,罗马纳·马乔拉·韦尔加诺
80,埃马努艾拉·法内利
81,乔治·科兰杰利
82,克里斯·海姆斯沃斯
83,娜塔莉·波特曼
84,汤姆·希德勒斯顿
85,安东尼·霍普金斯
86,克里斯托弗·埃克莱斯顿
87,上户彩
88,堀北真希
89,山田优
90,上野树里
91,松山研一
92,布兰登·费舍
93,乔什·哈切森
94,安妮塔·布瑞姆
95,塞斯·梅耶斯
96,Jean Michel Paré
97,坂本龙一
98,阳知
99,谢元真
100,王燕华
101,谭满堂
102,米拉·乔沃维奇
103,伊恩·格雷
104,艾丽·拉特
105,鲁比·罗丝
106,李准基
107,斯科特·安第斯
108,瑞恩·波特
109,丹尼尔·海尼
110,T·J·米勒
111,郑智麟
112,王小毅
113,金丽婷
114,刘锡明
115,陈立唯
116,潘春春
117,史蒂夫·卡瑞尔
118,克里斯汀·韦格
119,皮埃尔·柯芬
120,乔伊·金
121,威尔·法瑞尔
122,张译丹
123,王丹火
124,孙小鼓
125,严伟冬
126,彭昱畅
127,李庚希
128,徐帆
129,高亚麟
130,刘丹
131,甄子丹
132,舒淇
133,黄秋生
134,黄渤
135,霍思燕
136,邱泽
137,郎月婷
138,李孝谦
139,邢佳栋
140,柯达
141,小沈阳
142,姜武
143,杨蓉
144,于婷婷
145,高捷
146,王大陆
147,宋佳
148,曹炳琨
149,吴刚
150,金燕玲
151,陈宏昭
152,佟凡
153,王欢
154,曹力
155,杰瑞米·雷纳
156,丽贝卡·弗格森
157,钱赓
158,杨凯航
159,林熙
160,高炜
161,林源
162,曹思方
163,于欣禾
164,张若峰
165,岳旸
166,海一天
167,李乃文
168,张祎曈
169,徐滨
170,上白
171,许曦文
172,王新忠
173,郑昊
174,刘园媛
175,陈逸恒
176,王梓尘
177,孙子钧
178,马虎
179,梁正双
180,张锦新
181,孙岭峰
182,郭忠健
183,王一博
184,周迅
185,黄磊
186,森博之
187,王泓力
188,李牧谣
189,贾思骐
190,兰西雅
191,啜妮
192,王菊
193,程潇
194,卢奇
195,于慧
196,赵恒煊
197,何建泽
198,张雅玫
199,于小磊
200,孙金良
201,蒋珊
202,忻宇杰
203,许还山
204,李凤良
205,王世旸
206,让·雷诺
207,加里·奥德曼
208,丹尼·爱罗
209,彼得·阿佩尔
210,西尔维斯特·史泰龙
211,杰森·斯坦森
212,李连杰
213,杜夫·龙格尔
214,埃里克·罗伯茨
215,胡歌
216,周显欣
217,童自荣
218,李扬
219,鞠萍
220,巍子
221,伊能静
222,曾黎
223,王思懿
224,马迎春
225,祖晴
226,张琳
227,杨阳洋
228,高全胜
229,梁颖
230,岳红
231,姚兵蓉
232,苏丽
233,王卓
234,吕晶
235,任鲁豫
236,陈怡
237,郏捷
238,黄炜
239,谢园
240,杨学文
241,陈绍华
242,张彩梅
243,徐国庆
244,乔芝·韩莉
245,斯堪德·凯恩斯
246,安娜·帕波维尔
247,蒂尔达·斯文顿
248,本·巴恩斯
249,孙敏
250,刘威
251,艾丽娅
252,迟蓬
253,石兆琪
254,青山吉能
255,铃代纱弓
256,水野朔
257,长谷川育美
258,内田真礼
259,约翰尼·德普
260,布伦顿·思韦茨
261,卡雅·斯考达里奥
262,杰弗里·拉什
263,哈维尔·巴登
264,周润发
265,刘德华
266,张家辉
267,张学友
268,余文乐
269,郑旭航
270,孙妍恩
271,唐阁远
272,黄汐然
273,赵晓光
274,马修·麦康纳
275,安妮·海瑟薇
276,杰西卡·查斯坦
277,麦肯吉·弗依
278,卡西·阿弗莱克
279,牛犇
280,阎隽溪
281,李梓豪
282,史可
283,马苏
284,徐峥
285,袁泉
286,周冬雨
287,陶慧
288,贾玲
289,朱一龙
290,立威廉
291,黄奕
292,刘桦
293,邓家佳
294,李彧
295,尚小双
296,王海升
297,亢寒
298,赵雪
299,田壮壮
300,曲哲明
301,刘启恒
302,单思杰
303,廖越
304,郭万超
305,罗世平
306,施彦
307,北野武
308,关口雄介
309,岸本加世子
310,吉行和子
311,细川典江
312,李九霄
313,王千源
314,梁超
315,尚语贤
316,潘斌龙
317,任天野
318,敖子逸
319,艾米
320,王劲松
321,袁姗姗
322,谭晓燕
323,刘丽军
324,王学圻
325,罗京民
326,朱智勋
327,朴宝英
328,金雪炫
329,裴晟祐
330,严太九
331,郑静茹
332,牙渔
333,阎三元
334,周琳
335,杨千渺
336,莱昂纳多·迪卡普里奥
337,约瑟夫·高登-莱维特
338,艾利奥特·佩吉
339,汤姆·哈迪
340,渡边谦
341,张国立
342,张默
343,李雪健
344,陈道明
345,本·斯蒂勒
346,克里斯·洛克
347,大卫·休默
348,贾达·萍克特·史密斯
349,萨莎·拜伦·科恩
350,西德尼玛
351,杨秀措
352,洋懿
353,杨馥羽
354,秦亦铭
355,王丽丽
356,德旦
357,兰卡初
358,扎西
359,居琼钦
360,豆本吉
361,姚珊
362,筱柒
363,王琪
364,闷狐鹿
365,贾蒙
366,郭京飞
367,任敏
368,王源
369,许诗悦
370,刘小北
371,樊少皇
372,李立群
373,陈西雅
374,籍皓
375,姿娜
376,王传君
377,张钧甯
378,吴镇宇
379,王圣迪
380,蔡明
381,王增旭
382,宫佳音
383,房俊香
384,孙鹏程
385,张涵予
386,梁家辉
387,林更新
388,余男
389,佟丽娅
390,段奕宏
391,刘雅瑟
392,王龙正
393,张孝全
394,范玮琪
395,安心亚
396,伍思凯
397,裘恩典
398,韩帅
399,谢樑
400,郑佾奇
401,张稀研
402,张若昀
403,钟楚曦
404,宋洋
405,朱颜曼滋
406,许伟豪
407,黄炎
408,王悦伊
409,李康生
410,黄毅
411,汤唯
412,鲍起静
413,李修贤
414,安志杰
415,小林由美子
416,楢桥美纪
417,森川智之
418,兴梠里美
419,真柴摩利
420,艾伦
421,马丽
422,沈腾
423,田雨
424,宋阳
425,基里安·墨菲
426,西格妮·韦弗
427,罗伯特·德尼罗
428,伊丽莎白·奥尔森
429,乔莉·理查德森
430,吴军
431,杜少杰
432,薛奇
433,刘浩存
434,文淇
435,张宥浩
436,刘奕铁
437,彭静
438,贾冰
439,冯文娟
440,常远
441,岳骁恪
442,赵润南
443,阮经天
444,袁富华
445,陈以文
446,王净
447,谢琼煖
448,洛桑丹派
449,确赛
450,巨焕仓活佛
451,三木旦
452,普日哇
453,李仓卯
454,伊米娜
455,杨易
456,谢霄翰
457,郑向锋
458,希亚·拉博夫
459,梅根·福克斯
460,乔什·杜哈明
461,泰瑞斯·吉布森
462,约翰·特托罗
463,陈昊宇
464,庄达菲
465,周彦辰
466,马思超
467,古子成
468,陈坤
469,杨颖
470,夏雨
471,汤姆·汉克斯
472,蒂姆·艾伦
473,安妮·波茨
474,托尼·海尔
475,科甘-迈克尔·凯
476,张子健
477,王雨甜
478,柏华力·莫高彼斯彻
479,沈保平
480,李梦
481,仁科
482,彭于晏
483,倪妮
484,郑恺
485,魏晨
486,张子萱
487,梅艳芳
488,张国荣
489,万梓良
490,朱宝意
491,温碧霞
492,克里斯蒂安·贝尔
493,张歆怡
494,黄天元
495,韩熙庭
496,李正翔
497,沈磊
498,塞缪尔·杰克逊
499,布丽·拉尔森
500,约翰·C·赖利
501,约翰·古德曼
502,熊黛林
503,黄晓明
504,露西
505,段艺璇
506,赵成晨
507,许凯
508,王耀庆
509,于洋
510,褚雯
511,丁传慧
512,张英
513,于和伟
514,郭麒麟
515,倪虹洁
516,许恩怡
517,张子贤
518,瑞秋·齐格勒
519,安德鲁·伯纳普
520,盖尔·加朵
521,安德鲁·巴特·费尔德曼
522,杰里米·斯威夫特
523,林熙蕾
524,赵本山
525,程野
526,陈志朋
527,柴昊辰
528,赵佳
529,朱辉戈
530,萧伊谷
531,河合优实
532,吉田美月喜
533,松村北斗
534,上白石萌音
535,涩川清彦
536,芋生悠
537,藤间爽子
538,邓玉婷
539,刘红韵
540,成龙
541,杨洋
542,徐若晗
543,母其弥雅
544,高山南
545,古谷彻
546,山崎和佳奈
547,小山力也
548,林原惠美
549,辛柏青
550,黄尧
551,南吉
552,李勤勤
553,孙尚泽
554,张洛晨
555,赵小锐
556,林志玲
557,张静初
558,佟大为
559,斯琴高娃
560,李建新
561,杨静
562,万宾
563,刘欣
564,孙猛
565,荆延国
566,胡静华
567,王树昌
568,易烊千玺
569,朱媛媛
570,李抒航
571,李子雄
572,郑钧颢
573,卢卓婕
574,何雨宸
575,任子豪
576,谢昀杉
577,李家辛
578,张宸彬
579,马克·沃尔伯格
580,斯坦利·图齐
581,凯尔塞·格拉玛
582,妮可拉·佩尔茨
583,杰克·莱诺
584,旺青罗布
585,胡小明
586,罗洪
587,王路
588,刘恭利
589,皮尔斯·布鲁斯南
590,艾瑞克·爱都
591,朱莉娅·尼克森
592,彼得·乌斯蒂诺夫
593,杰克·克卢格曼
594,尚雯婕
595,鲍春来
596,孙建弘
597,曾舜晞
598,尹昉
599,周也
600,吴越
601,李明阳
602,艾秀梅
603,李福兴
604,张一山
605,笑嘻嘻
606,张蓝心
607,谢依霖
608,洪剑涛
609,蒂姆·罗斯
610,普路特·泰勒·文斯
611,比尔·努恩
612,克兰伦斯·威廉姆斯三世
613,梅兰尼·蒂埃里
614,尼尔·帕特里克·哈里斯
615,杰玛·梅斯
616,汉克·阿扎利亚
617,乔纳森·温特斯
618,凯蒂·派瑞
619,王雪沁
620,吴凡
621,张艺雯
622,章子怡
623,张震
624,王力宏
625,陈楚生
626,郭帆
627,刘寅
628,郜昂
629,龚格尔
630,王红卫
631,雷佳音
632,杨幂
633,董子健
634,陈意涵
635,薛凯琪
636,杨子姗
637,钟汉良
638,刘頔
639,吴昊宸
640,韩德笑
641,马菲
642,伊沙恩·哈塔尔
643,马拉维卡·莫哈南
644,哥泰·高斯
645,莎拉达
646,塔妮莎·查特吉
647,爱德华·阿斯纳
648,克里斯托弗·普卢默
649,乔丹·长井
650,鲍勃·彼德森
651,德尔罗伊·林多
652,Yuriy Romanov
653,Irina Chumantyeva
654,Svetlana Kuznetsova
655,Konstantin Panchenko
656,Maksim Sergeev
657,沙宝亮
658,陈芋米
659,张千
660,赵婉鹭山
661,任书贤
662,谭笑
663,张秉君
664,张伟
665,刘思奇
666,赵燕国彰
667,张熙然
668,缪莹莹
669,贾晨露
670,胡冰卿
671,姚橹
672,小爱
673,史策
674,邢韵嘉
675,陈朵朵
676,刘洋
677,翟梓梦
678,马伊琍
679,周野芒
680,于魁智
681,李胜素
682,杨赤
683,江其虎
684,王越
685,张恒俞
686,陈汉典
687,吴以涵
688,矢岛晶子
689,藤原启治
690,张健儒
691,沈念慈
692,梁达伟
693,邹亮
694,陈诗
695,边江
696,张惠霖
697,陈张太康
698,张思王之
699,傅晨阳
700,杰伊·巴鲁切尔
701,凯特·布兰切特
702,杰拉德·巴特勒
703,克雷格·费格森
704,亚美莉卡·费雷拉
705,何冰
706,韩童生
707,钱波
708,赵龙豪
709,米铁增
710,吴君如
711,宋丹丹
712,詹瑞文
713,克里斯汀·贝尔
714,伊迪娜·门泽尔
715,乔纳森·格罗夫
716,乔什·加德
717,圣蒂诺·方塔纳
718,泰柔娜·派丽丝
719,伊曼·韦拉尼
720,扎威·阿什顿
721,罗比·威廉姆斯
722,约诺·戴维斯
723,史蒂夫·佩姆伯顿
724,艾莉森·斯戴曼
725,凯特·马尔瓦尼
726,黄伟
727,关岸勤
728,梁辉
729,伍佳恩
730,托马斯·简
731,史蒂文·斯崔特
732,卡斯·安瓦尔
733,多米尼克·蒂珀
734,约翰·威斯利·查特曼
735,黄轩
736,苗苗
737,杨采钰
738,李晓峰
739,李鸿其
740,范伟
741,张超
742,罗辑
743,尼玛颂宋
744,卓杰泽仁
745,乌兰托雅·朵
746,央金卓嘎
747,洛桑群培
748,阿邓言
749,李建华
750,坡罗
751,李小二
752,腊八
753,刘俊谦
754,董玮
755,伍允龙
756,蔡思韵
757,林耀声
758,邓超
759,孙俪
760,代乐乐
761,杨新鸣
762,乔杉
763,卜冠今
764,苇青
765,金世佳
766,黄子华
767,刘心悠
768,泰臣
769,罗天池
770,许绍雄
771,宋慧乔
772,蓝盈莹
773,黄龄
774,戴军
775,祖峰
776,陈柏霖
777,张榕容
778,姚以缇
779,百白
780,吴京
781,沙溢
782,宁理
783,道恩·强森
784,迈克尔·凯恩
785,凡妮莎·哈金斯
786,克里斯汀·戴维斯
787,林志颖
788,小小志
789,王岳伦
790,王诗龄
791,张亮
792,史蒂芬·曼甘
793,张译
794,岳云鹏
795,李晨
796,张子枫
797,常盘贵子
798,杨紫琼
799,廖启智
800,李香琴
801,张本煜
802,韩云云
803,何欢
804,陈永胜
805,林博洋
806,邵兵
807,丁柳元
808,刘佩琦
809,林家栋
810,任贤齐
811,张可颐
812,林雪
813,杨千嬅
814,张达明
815,于谦
816,汤梦佳
817,王广源
818,秦鸣悦
819,徐子力
820,温旭
821,虎姣佼
822,沈燕芬
823,莫丽贤
824,吴伟斌
825,朱志敏
826,钟星辉
827,叶语霏
828,史洪波
829,侯友胜
830,林伟健
831,杨采妮
832,李治廷
833,刘劲
834,陈思诺
835,蒋勤勤
836,安沺
837,方东海
838,张桐
839,白恩
840,节冰
841,李博
842,周育竹
843,侯旭
844,雷承昆
845,梁凯
846,贺刚
847,孙锡堃
848,句号
849,侯祥玲
850,丹尼尔·雷德克里夫
851,艾玛·沃森
852,鲁伯特·格林特
853,艾伦·瑞克曼
854,玛吉·史密斯
855,唐国强
856,王伍福
857,秦海璐
858,赵薇 Wei Zhao
859,吴尊
860,徐子珊
861,戚玉武
862,王砚辉
863,龚蓓苾
864,李小胖
865,鹤男
866,苏倩云
867,张成杰
868,芮有福
869,芮有宝
870,刘艳杰
871,杜德锋
872,杜奕衡
873,钟祺
874,大力
875,裴魁山
876,石天龙
877,雷·帕克
878,李炳宪
879,布鲁斯·威利斯
880,卢克·布雷西
881,蒋雯丽
882,黄小蕾
883,马思纯
884,郑伊健
885,陈卓贤
886,朱栢康
887,王宝强
888,陶虹
889,谢楠
890,内芙·坎贝尔
891,黄经汉
892,罗兰·默勒
893,诺亚·泰勒
894,周小鹏
895,袁秀芝
896,周亚萍
897,黄志忠
898,张俊一
899,吴慷仁
900,陈泽耀
901,邓金煌
902,林宣妤
903,周雪婷
904,贡米
905,郭秋成
906,刘家麟
907,黑妹
908,李中煜
909,窦骁
910,奚美娟
911,姜瑞佳
912,小罗伯特·唐尼
913,克里斯·埃文斯
914,斯嘉丽·约翰逊
915,马克·鲁法洛
916,佐藤健
917,长泽雅美
918,森七菜
919,仲野太贺
920,中岛步
921,李丹翼
922,于根艺
923,巴宁
924,赵成顺
925,丁润琦
926,王亚林
927,叶方
928,唐宗泽
929,特雷·帕克
930,米兰达·卡斯格拉夫
931,达纳·盖尔
932,亚伦·泰勒-约翰逊
933,卡梅隆·CJ·亚当斯
934,布莱恩·克兰斯顿
935,徐小琴
936,顾彪
937,俞飞鸿
938,欧豪
939,余金巧
940,方美仙
941,史蒂芬·金
942,杨圆圆
943,何秋兰
944,张定涵
945,关新伟
946,黄景瑜
947,王丽坤
948,秦岚
949,张晓锋
950,王柯词
951,刘远锋
952,李苑祯
953,罗伯特·卡莱尔
954,杰萨琳·吉尔西格
955,汤姆·康特奈
956,琼妮·威利
957,拉尔夫·布朗
958,欧文·泰格
959,弗蕾娅·艾伦
960,凯文·杜兰
961,彼德·梅肯
962,威廉·H·梅西
963,更登彭错
964,曲木古火·秋风
965,吕星辰
966,赫子铭
967,王璐
968,宋熹
969,郭新民
970,李欣欣
971,罗志祥
972,张雨绮
973,林允
974,徐克
975,巩俐
976,姜文
977,滕汝骏
978,钱明
979,陈志刚
980,尚大庆
981,水田山葵
982,大原惠美
983,嘉数由美
984,木村昴
985,关智一
986,布莱丝·达拉斯·霍华德
987,山姆·洛克威尔
988,亨利·卡维尔
989,孙迅
990,曾曾
991,袁利国
992,纪离
993,李玉杰
994,孟雨田
995,孙尧东
996,陆双
997,石贝
998,张业川
999,徐经纬
1000,梁晶晶
1001,苏鑫
1002,王亭文
1003,滕奎兴
1004,杨婷
1005,吉静
1006,王俊凯
1007,殷桃
1008,成泰燊
1009,张艾嘉
1010,宋宁峰
1011,吴彦姝
1012,维杰·西图帕提
1013,阿努拉格·卡施亚普
1014,玛玛塔·莫汉达斯
1015,那塔拉简·苏布拉马尼亚姆
1016,阿比拉米
1017,约翰·库萨克
1018,阿德里安·布罗迪
1019,崔始源
1020,林鹏
1021,李诚儒
1022,黄才伦
1023,伊恩·阿米蒂奇
1024,马尔赛·马丁
1025,威尔·布鲁斯宾
1026,金斯利·马歇尔
1027,罗恩·帕尔多
1028,肖宇梁
1029,哈妮克孜
1030,刘宇宁
1031,范明
1032,谢钢
1033,刘牧
1034,康磊
1035,涓子
1036,秦楚明
1037,保罗·路德
1038,迈克尔·道格拉斯
1039,伊万杰琳·莉莉
1040,寇瑞·斯托尔
1041,迈克尔·佩纳
1042,Cholsawas Tiewwanichkul
1043,Pongsapat Kankham
1044,Chawinroj Likitcharoensakul
1045,Shatree Suwanvalaikorn
1046,Chollatee Bumpen
1047,谢霆锋
1048,谭耀文
1049,黄德斌
1050,日高范子
1051,坂本千夏
1052,糸井重里
1053,岛本须美
1054,北林谷荣
1055,范雨林
1056,方楚彤
1057,陈昌旷
1058,杨骏
1059,王往
1060,才项仁增
1061,旦枝姬
1062,蒂巴
1063,高哇
1064,包贝尔
1065,王智
1066,唐人
1067,陈卫
1068,刘昊然
1069,刘承羽
1070,刘若英
1071,徐熙媛
1072,艾米莉·布朗特
1073,马特·达蒙
1074,弗洛伦丝·皮尤
1075,劳尔·布里奥内斯
1076,鲁妮·玛拉
1077,安娜·迪亚斯
1078,莫泰尔·福斯特
1079,劳拉·戈麦斯
1080,邵斯凡
1081,马克西姆
1082,谢晨晨
1083,梁永棋
1084,李玉刚
1085,宋晓英
1086,李晓波
1087,陈宇星
1088,六子
1089,本·阿弗莱克
1090,杰森·莫玛
1091,埃兹拉·米勒
1092,许君聪
1093,盛冠森
1094,赵子锌
1095,关雪盈
1096,张杰楠
1097,彭珍珠
1098,胡阳
1099,李煦众
1100,张磊
1101,权煜飞
1102,张展豪
1103,王路遥
1104,冯小云
1105,阿丽玛
1106,马灿灿
1107,张国强
1108,那威
1109,范·迪塞尔
1110,米歇尔·罗德里格兹
1111,古天乐
1112,刘青云
1113,方中信
1114,汤姆·霍兰德
1115,赞达亚
1116,杰克·吉伦哈尔
1117,寇碧·史莫德斯
1118,张小斐
1119,梅婷
1120,陈雨锶
1121,杨恩又
1122,七福
1123,张浩庭
1124,金巧巧
1125,王斑
1126,高强
1127,张颂文
1128,刘君武
1129,郑芊芊
1130,费翔
1131,于适
1132,陈牧驰
1133,朱亚文
1134,李汶翰
1135,段晓薇
1136,李斯南
1137,谭泉
1138,傅淼
1139,陶慧敏
1140,乔涵
1141,詹姆斯·麦卡沃伊
1142,摩根·弗里曼
1143,安吉丽娜·朱莉
1144,特伦斯·斯坦普
1145,托马斯·克莱舒曼
1146,杜光袆
1147,王晓彤
1148,周南飞
1149,逯长恩
1150,卡莉·史派妮
1151,戴维·荣松
1152,阿奇·雷诺
1153,伊莎贝拉·莫塞德
1154,斯派克·费恩
1155,李树生
1156,郭慧
1157,徐僧
1158,白庆琳
1159,约翰·塞纳
1160,乔丹娜·布鲁斯特
1161,余皑磊
1162,克里斯蒂娜·里奇
1163,凯瑟琳·奥哈拉
1164,瑞茜·威瑟斯彭
1165,尼克·弗罗斯特
1166,徐源
1167,晨媛儿
1168,李敏妍
1169,严丽祯
1170,伊德瑞斯·艾尔巴
1171,凡妮莎·柯比
1172,艾莎·冈萨雷斯
1173,竹内亮
1174,托尼·贾
1175,张晋
1176,任达华
1177,卢惠光
1178,梁晓强
1179,巴赫
1180,张东
1181,郭政建
1182,宣晓鸣
1183,姜逸磊
1184,周义晟
1185,刘柏熙
1186,冯丽丽
1187,赵培琳
1188,兰岚
1189,毛孩
1190,范湉湉
1191,向佐
1192,郭碧婷
1193,唐诗逸
1194,李媛
1195,郭广平
1196,高欣
1197,洪卫
1198,欧阳奋强
1199,欧阳汐米
1200,杨瑾洁
1201,徐金峰
1202,张灯振
1203,张璐
1204,陈红
1205,张云龙
1206,杨希
1207,尼古拉斯·凯奇
1208,艾玛·斯通
1209,瑞安·雷诺兹
1210,凯瑟琳·基纳
1211,克萝丽丝·利奇曼
1212,刘之冰
1213,姜峰
1214,任帅
1215,板板
1216,娄滨
1217,曹丁
1218,林放
1219,袁莉
1220,西西
1221,高兴
1222,白乙苏玛
1223,王向侃
1224,弗朗索瓦·西维尔
1225,文森特·卡塞尔
1226,罗曼·杜里斯
1227,皮奥·马麦
1228,伊娃·格林
1229,戚云鹏
1230,张翰
1231,孟庆旸
1232,谢素豪
1233,王晶
1234,刘顺钢
1235,李姿淇
1236,王钧毅
1237,叶鹏
1238,郜峰
1239,尹晨迪
1240,陈飞宇
1241,JB·布兰科
1242,汤姆·费尔顿
1243,罗斯·马昆德
1244,琪娜·安妮·麦克兰
1245,托马斯·伊恩·尼古拉斯
1246,黄成成
1247,王凯
1248,杨聪惠
1249,钟于龙
1250,小玖
1251,谢君豪
1252,王丹妮
1253,廖子妤
1254,王敏德
1255,葛兆美
1256,吴洲凯
1257,何必
1258,何圳煜
1259,柯南·何裴
1260,王鹏凯
1261,李幼斌
1262,谭卓
1263,张琪
1264,华晨宇
1265,朱伯丞
1266,冯姝杰
1267,徐舟航
1268,左小青
1269,萌儿
1270,侯天来
1271,唐旭
1272,李克龙
1273,李春嫒
1274,阿依帕丽
1275,李胤维
1276,葛优
1277,周韵
1278,文章
1279,塞巴斯蒂安·斯坦
1280,安东尼·麦凯
1281,杨凝
1282,郑渊洁
1283,郑在
1284,李滨
1285,康琳浠
1286,沙景昌
1287,刘其元
1288,乔纳森·泰勒·托马斯
1289,马修·布罗德里克
1290,杰瑞米·艾恩斯
1291,詹姆斯·厄尔·琼斯
1292,莫伊拉·凯利
1293,保罗·沃克
1294,卢达克里斯
1295,曾江
1296,叶璇
1297,村濑步
1298,石川界人
1299,日野聪
1300,入野自由
1301,细谷佳正
1302,汉娜·乔恩-卡门
1303,沃尔顿·戈金斯
1304,刘端端
1305,何润东
1306,程媛媛
1307,魏璐
1308,吴旭东
1309,张绮烟
1310,张馨月
1311,吴昊
1312,闫妮
1313,孙红雷
1314,倪大红
1315,夏侯云姗
1316,张傲月
1317,欧嘉·柯瑞兰寇
1318,王亚为
1319,徐守莉
1320,陈宝国
1321,张嬿
1322,陈新
1323,陈赫
1324,董浩
1325,耿晨晨
1326,陈苏
1327,古力娜扎
1328,王迅
1329,刘琳
1330,杨皓宇
1331,郭涛
1332,王珞丹
1333,吕颂贤
1334,吴潘芮
1335,王浩宇
1336,张艺兴
1337,蔡少芬
1338,马浚伟
1339,郭羡妮
1340,陈豪
1341,凯尔·钱德勒
1342,维拉·法米加
1343,米莉·波比·布朗
1344,李冰冰
1345,蔡卓妍
1346,杜汶泽 Chapman To
1347,蔡海婷
1348,谷江山
1349,聂曦映
1350,孙路路
1351,魏超
1352,罗伯特·帕丁森
1353,娜奥米·阿基
1354,史蒂文·元
1355,托妮·科莱特
1356,杰玛·阿特登
1357,本·金斯利
1358,阿尔弗雷德·莫里纳
1359,史蒂夫·图森特
1360,翁虹
1361,张殿伦
1362,王岗
1363,杜雨宸
1364,朱迪·科默
1365,乔·基瑞
1366,里尔·莱尔·哈瓦瑞
1367,塔伊加·维迪提
1368,韩庚
1369,于文文
1370,曾梦雪
1371,罗米
1372,李倩
1373,赵毅
1374,李保良
1375,肖战
1376,张文昕
1377,巴雅尔图
1378,许魏洲
1379,段博文
1380,蔡宜达
1381,韩雪
1382,林永健
1383,李沛恩
1384,柯震东
1385,郭采洁
1386,凤小岳
1387,宝音尼木胡
1388,巴德玛
1389,陈维涵
1390,塔娜
1391,都愣扎那
1392,任素汐
1393,刘敏涛
1394,李传缨
1395,芦芳生
1396,侯雯元
1397,景研竣
1398,泓萱
1399,周毅
1400,陆孟志
1401,郑晰文
1402,赵又廷
1403,姚晨
1404,唐嫣
1405,姜贞羽
1406,邹元清
1407,刘敬宇
1408,巩小榕
1409,纪亚福
1410,胡军
1411,文咏珊
1412,王锵
1413,伊德尔
1414,娜荷芽
1415,苏日雅
1416,卓拉
1417,常奕然
1418,周娇
1419,尹亚森
1420,刘梓钰
1421,许亚琳
1422,刘校妤
1423,周深
1424,英泽
1425,国村隼
1426,永濑正敏
1427,鹏飞
1428,张秋歌
1429,陈友旺
1430,王瀚邦
1431,陈靖涵
1432,赵康玮
1433,王润泽
1434,原雨
1435,李建义
1436,梁爱琪
1437,程术琼
1438,葛文丹
1439,王小平
1440,Guoli Xia
1441,Yanxin Gong
1442,提莫西·查拉梅
1443,爱德华·诺顿
1444,艾丽·范宁
1445,莫妮卡·巴巴罗
1446,杨紫
1447,郑雨曦
1448,崔怀文
1449,方言
1450,王春雨
1451,安以轩
1452,丁妍
1453,叶芳
1454,秦宇
1455,刘海涵
1456,袁祥仁
1457,郑中基
1458,朱茵
1459,梁咏琪
1460,郭德纲
1461,张智霖
1462,许冠文
1463,张天赋
1464,张赫
1465,刘晴
1466,刘琮
1467,张艾
1468,陈学冬
1469,王迪
1470,左凌峰
1471,傅菁
1472,马东锡
1473,宋小宝
1474,安珀·赫德
1475,威廉·达福
1476,帕特里克·威尔森
1477,福迪亚·瓦尔什-匹罗
1478,露西·宝通
1479,马克·麦克肯纳
1480,艾丹·吉伦
1481,金良
1482,冶彦
1483,李光洁
1484,关晓彤
1485,王挺
1486,赵阳
1487,冯绍峰
1488,库提鲁克江·艾沙胡加
1489,艾克白尔·斯拉木
1490,贾宏伟
1491,张哲华
1492,漆昱辰
1493,李宗恒
1494,罗秋韵
1495,冯祥琨
1496,单声
1497,赵肖宇
1498,万丹青
1499,王爱民
1500,何海明
1501,焦曼婷
1502,侯勇
1503,潘雨辰
1504,高大伟
1505,榎木淳弥
1506,村中知
1507,松浦爱弓
1508,梅原裕一郎
1509,藤村步
1510,曹颖
1511,马柏全
1512,九孔
1513,汤潮
1514,张亚坤
1515,玛丽亚·贝罗
1516,约翰·汉纳
1517,卢克·福特
1518,廖梦妍
1519,王伟波
1520,王浩沣
1521,阮晓伟
1522,杨德民
1523,阿尔法·伍达德
1524,奥西·戴维斯
1525,马克斯·凯塞拉
1526,海顿·潘妮蒂尔
1527,D·B·斯威尼
1528,王俊冬
1529,卢海华
1530,寇振海
1531,陆怡璇
1532,泰煜恩
1533,张智超
1534,姜冰洁
1535,丁建华
1536,毕克
1537,苏秀
1538,程晓桦
1539,施融
1540,严彦子
1541,李仙花
1542,万瑜
1543,黄丽华
1544,廖雅鸣
1545,潘智勇
1546,克尔斯滕·邓斯特
1547,瓦格纳·马拉
1548,斯蒂芬·亨德森
1549,水野索诺娅
1550,李珞桉
1551,章若楠
1552,本·施瓦茨
1553,金·凯瑞
1554,基努·里维斯
1555,科琳·欧肖内希
1556,于荣光
1557,郑人硕
1558,金晨
1559,刘俊孝
1560,常戎
1561,万茜
1562,程怡
1563,周星驰
1564,莫文蔚
1565,薛家燕
1566,吴孟达
1567,谷德昭
1568,刘玉玲
1569,J·K·西蒙斯
1570,琪兰·席普卡
1571,克拉拉
1572,谭凯
1573,汪卓成
1574,杰西·艾森伯格
1575,伍迪·哈里森
1576,戴夫·弗兰科
1577,孙道临
1578,谢芳
1579,上官云珠
1580,高博
1581,韩焱
1582,梶裕贵
1583,茅野爱衣
1584,小松未可子
1585,大桥贤一郎
1586,魏翔
1587,王成思
1588,马克·马龙
1589,奥卡菲娜
1590,克雷格·罗宾森
1591,安东尼·拉莫斯
1592,高峰
1593,张伟丽
1594,李心洁
1595,李晓川
1596,王皓
1597,孙天宇
1598,白凯南
1599,杰森·弗莱明
1600,梅拉布·尼尼泽
1601,马克西米利安·奥辛斯基
1602,柯基·法尔考
1603,刘颖仪
1604,黄健翔
1605,何蓝逗
1606,罗鸣
1607,贾云哲
1608,汪世伟
1609,沙梅克·摩尔
1610,海莉·斯坦菲尔德
1611,奥斯卡·伊萨克
1612,杰克·约翰逊
1613,伊萨·雷
1614,娜奥米·哈里斯
1615,杰弗里·迪恩·摩根
1616,玛琳·阿克曼
1617,杰克·莱西
1618,张浩
1619,师清峰
1620,李珈西
1621,陈思敏
1622,冯浩
1623,莱斯利·曼恩
1624,阿兰·里奇森
1625,亚历克斯·帕蒂弗
1626,赫洛·费因斯-提芬
1627,杨正浓
1628,潘松带
1629,高秉涵
1630,姜思章
1631,傅德泽
1632,章宇
1633,马吟吟
1634,国义骞
1635,金城武
1636,王羽
1637,惠英红
1638,查理·汉纳姆
1639,菊地凛子
1640,查理·戴
1641,朗·普尔曼
1642,王老五
1643,壹歌
1644,白宇
1645,王菀之
1646,洪悦熙
1647,庄则熙
1648,刘一莹
1649,于书瑶
1650,苏拉·沙玛
1651,伊尔凡·可汗
1652,拉菲·斯波
1653,阿迪勒·侯赛因
1654,塔布
1655,孙淳
1656,周大勇
1657,梁小龙
1658,赵冉
1659,陈茜
1660,杨清文
1661,郑秀文
1662,高圆圆
1663,王紫逸
1664,王子子
1665,崔婧涵
1666,黄晓娟
1667,张天喜
1668,黎志坚
1669,杨丽仪
1670,许瑞萍
1671,石坚
1672,黄明昊
1673,罗三穗
1674,迈克尔·刚本
1675,姜皓文
1676,方晓莉
1677,任伟
1678,李飞
1679,王一
1680,黎心韵
1681,李尚正
1682,大卫·雷德蒙
1683,金勇满
1684,维托里奥·斯加比
1685,恩里科·蒂洛塔
1686,多米尼克·维努蒂
1687,李嘉琦
1688,马旭东
1689,王喳喳
1690,布鲁克·奥佩斯
1691,杰拉丁·博若飞
1692,本·卓别林
1693,布莱恩·考克斯
1694,亚历克斯·伊特尔
1695,范冰冰
1696,管乐
1697,周澄奥
1698,姚弛
1699,张小婉
1700,刘迅
1701,郭伟华
1702,何政军
1703,王强
1704,颜丹晨
1705,张嘉祺
1706,王维威
1707,纪安琪
1708,何春
1709,林琳
1710,颜丙燕
1711,梁俊一
1712,霍青
1713,王晖
1714,孙乐
1715,刘家琦
1716,冯四
1717,安格力朝克图
1718,沈念如
1719,张杰
1720,桑宗忠
1721,朱马别克·科拜根
1722,郝好
1723,刘骁元
1724,热法提·迪力木拉提
1725,唐泽宗
1726,陈倩
1727,理查德·格雷弗斯
1728,韩晓
1729,李洪权
1730,方星懿
1731,王影璐
1732,侯明昊
1733,盖亚·怀斯
1734,米兰达·奥图
1735,卢克·帕斯夸尼洛
1736,洛琳·阿什伯恩
1737,齐漠祥
1738,何宗礼
1739,缪云飞
1740,赵忠
1741,叶新春
1742,陈百强
1743,徐杰
1744,邝美宝
1745,钟保罗
1746,刘纯燕
1747,来喜
1748,熊玉婷
1749,吴晴
1750,尤宪超
1751,贺镪
1752,黄诗佳
1753,汪永贵
1754,陈耀文
1755,李品夆
1756,洪嘉铃
1757,张大镛
1758,陈亦飞
1759,曾安琪
1760,柯叔元
1761,邹涛
1762,廖禹沣
1763,冯家妹
1764,廖希
1765,郑嘉颖
1766,林峯
1767,周秀娜
1768,喻恩泰
1769,蒋梦婕
1770,邓飞
1771,金美伶
1772,张洪
1773,陈涛
1774,夏琼
1775,张天海
1776,古月
1777,孙飞虎
1778,黄凯
1779,邵宏来
1780,刘怀正
1781,庞瀚辰
1782,张兆北
1783,王子木
1784,提爱民
1785,毕彦君
1786,廖学秋
1787,梁静
1788,李书晨
1789,王琛
1790,卫永邵
1791,毕东林
1792,马有贯
1793,查理兹·塞隆
1794,范丞丞
1795,尹正
1796,孙艺洲
1797,山姆·尼尔
1798,劳拉·邓恩
1799,杰夫·高布伦
1800,理查德·阿滕伯勒
1801,鲍勃·佩克
1802,贾斯汀·巴萨
1803,黛安·克鲁格
1804,乔恩·沃伊特
1805,海伦·米伦
1806,冯巩
1807,牛振华
1808,达式常
1809,张鹭
1810,傅丽莉
1811,道斯·巴特勒
1812,里德·科菲
1813,约瑟夫·巴伯拉
1814,威廉·汉纳
1815,特克斯·艾弗里
1816,艾米·波勒
1817,玛雅·霍克
1818,肯辛顿·托尔曼
1819,莉萨·拉皮拉
1820,金巴
1821,王铮
1822,更旦
1823,达杰丁增
1824,才多
1825,王耀
1826,言文之
1827,苏旖旎
1828,王兴康
1829,崔志昂
1830,刘长纯
1831,夏阳
1832,陈铮
1833,陈静波
1834,高叶
1835,刘耀文
1836,钱漪
1837,董娴
1838,郭凯敏
1839,曲国强
1840,刘旭
1841,曾小敏
1842,文汝清
1843,彭庆华
1844,彭炽权
1845,丁凡
1846,索朗卓嘎
1847,巴金旺甲
1848,庄庆宁
1849,蔡卫东
1850,多布杰
1851,才布旦
1852,仁青娜姆
1853,李萍
1854,刘威葳
1855,耿乐
1856,白浪
1857,朱研
1858,李槐龙
1859,宋春丽
1860,祝新运
1861,赵晓明
1862,陈雅狄
1863,吴天园
1864,高铣莛
1865,田鈊
1866,海清
1867,刘筠燃
1868,肖宗灵
1869,许言
1870,王雪琴
1871,李华
1872,克里斯·派恩
1873,扎克瑞·昆图
1874,佐伊·索尔达娜
1875,布拉德·皮特
1876,戴姆森·伊德瑞斯
1877,凯瑞·康顿
1878,托比亚斯·门基斯
1879,王茜童
1880,吴骏超
1881,陈兵
1882,林文涛
1883,格温妮斯·帕特洛
1884,唐·钱德尔
1885,盖·皮尔斯
1886,黄百鸣
1887,毛舜筠
1888,林晓杰
1889,周雨彤
1890,艾瑞克·鲍扎
1891,坎迪·米洛
1892,弗雷德·塔特西奥
1893,彼特·麦尼科
1894,彼得·布朗加特
1895,姚未平
1896,杨媛之
1897,皮查雅·瓦塔那蒙迪里
1898,阿南达·爱华灵咸
1899,叻叻那·功多尔宁
1900,卡诺查·姆亚丹
1901,淳妮苷·内醉
1902,陈虎
1903,王清亭
1904,吴谨西
1905,袁忠远
1906,薇姬·克里普斯
1907,路易·加瑞尔
1908,琳娜·库德里
1909,陈建斌
1910,董勇
1911,郝平
1912,徐绍瑛
1913,李之夏
1914,姜超
1915,佩德罗·帕斯卡
1916,康妮·尼尔森
1917,王彩平
1918,陈依莎
1919,李静
1920,张垚
1921,刘小天
1922,冯国庆
1923,王雅捷
1924,张婉儿
1925,金佑一
1926,山时聪真
1927,菅田将晖
1928,柴崎幸
1929,爱缪
1930,木村佳乃
1931,迈克尔·法斯宾德
1932,詹妮弗·劳伦斯
1933,哈莉·贝瑞
1934,王中楷
1935,徐萍
1936,李景涛
1937,朱彦颖
1938,王辛
1939,孙科
1940,吴佩慈
1941,蒋劲夫
1942,弗兰克·格里罗
1943,卢靖姗
1944,艾尔肯
1945,管小燕
1946,此沙
1947,何超莲
1948,曾志伟
1949,刘亦淳
1950,黄宗泽
1951,阿诺·施瓦辛格
1952,杰森·克拉克
1953,艾米莉亚·克拉克
1954,杰·科特尼
1955,茱莉亚·路易斯-德瑞弗斯
1956,刘易斯·普尔曼
1957,大卫·哈伯
1958,拉米·马雷克
1959,瑞秋·布罗斯纳安
1960,凯特芮娜·巴尔夫
1961,劳伦斯·菲什伯恩
1962,乔·博恩瑟
1963,王建福
1964,刘金龙
1965,周航
1966,比尔·帕克斯顿
1967,哈威·凯特尔
1968,乔恩·邦·乔维
1969,大卫·凯斯
1970,马赫沙拉·阿里
1971,乔纳森·贝利
1972,鲁伯特·弗兰德
1973,艾德·斯克林
1974,依若熏
1975,夜叉
1976,辰朔
1977,夏弋
1978,朔小踹
1979,田中真弓
1980,冈村明美
1981,中井和哉
1982,山口胜平
1983,平田广明
1984,肖小月
1985,林铭轩
1986,李响
1987,刘冉
1988,严晓频
1989,蒋易
1990,娄艺潇
1991,马元
1992,李菁
1993,王景春
1994,塔塔
1995,王骁
1996,何珮瑜
1997,李东赫
1998,何思谕
1999,孙伊晨
2000,张景祎
2001,韩聪聪
2002,袁晓旭
2003,王浩南
2004,劳伦斯先生
2005,吉尔·塔利
2006,汤姆·肯尼
2007,比尔·法格巴克
2008,玛丽·乔·卡特利特
2009,宫泽理惠
2010,洼冢洋介
2011,吉田帆乃华
2012,尾形一成
2013,浅沼晋太郎
2014,季冠霖
2015,赵明洲
2016,高增志
2017,马德华
2018,陈慧琳
2019,李凤绪
2020,仁龙
2021,唐小喜
2022,张福正
2023,赵铭洲
2024,郑小璞
2025,姚笛
2026,夏梓桐
2027,彭梓洋
2028,陶然
2029,郭俊辰
2030,孙伊涵
2031,葛鑫怡
2032,丁真珍珠
2033,妻夫木聪
2034,中川雅也
2035,安藤樱
2036,松冈茉优
2037,城桧吏
2038,佐佐木美结
2039,龚芳妮
2040,石铭晖
2041,米歇尔·威廉姆斯
2042,里兹·阿迈德
2043,斯科特·黑兹
2044,瑞德·斯科特
2045,王已歌
2046,琪格
2047,叶常清
2048,李彦锋
2049,李参天
2050,许光汉
2051,清原果耶
2052,道枝骏佑
2053,黑木华
2054,惠王军
2055,白泽泽
2056,王耀德
2057,李志刚
2058,温如玉
2059,史迎杰
2060,秦焙媛
2061,李佳蔚
2062,王焕鑫
2063,卫诗雅
2064,周家怡
2065,韦斯·本特利
2066,瑞秋·尼科尔斯
2067,西蒙·雷诺兹
2068,菲利普·阿金
2069,史蒂芬·穆尔
2070,蒋裕燕
2071,谢毛三
2072,王李超
2073,杨博尊
2074,陈光
2075,曼拉杰甫
2076,宗智
2077,李毛措
2078,李婉瑶
2079,程子洋
2080,伍月
2081,蔡鹏飞
2082,万斯佳
2083,邹超军
2084,费伟妮
2085,袁近辉
2086,花信
2087,万宝鹿
2088,糖醋里脊
2089,陈则霖
2090,郑又菲
2091,曾沛慈
2092,陈博正
2093,郭大睿
2094,田中千绘
2095,周扬
2096,沈文俊
2097,何艺林
2098,史彭元
2099,萨日娜
2100,肖帛辰
2101,泰德·巴勃考克
2102,陶泽如
2103,罗伯特·麦克雷
2104,周一围
2105,刘亦菲
2106,李截
2107,顾靖
2108,陈端
2109,马羚
2110,马东延
2111,邹兆龙
2112,涂们
2113,三浦研一
2114,艾米·亚当斯
2115,欧文·威尔逊
2116,罗宾·威廉姆斯
2117,库梅尔·南贾尼
2118,伊丽莎白·班克斯
2119,丹尼·德维托
2120,洪天照
2121,淳于珊珊
2122,于越
2123,张兆辉
2124,胡杏儿
2125,米歇尔·道克瑞
2126,托弗·格雷斯
2127,丽亚·雷米尼
2128,莫尼布·阿卜哈特
2129,曾敬骅
2130,邵雨薇
2131,陆弈静
2132,张再兴
2133,蔡嘉茵
2134,吕豆
2135,禹祥
2136,绿绮
2137,小鹿
2138,蒋丽
2139,邵敏佳
2140,赵路
2141,王和逸
2142,丞磊
2143,索微
2144,罗昭东
2145,栾蕾英
2146,裘德·洛
2147,本·门德尔森
2148,安妮特·贝宁
2149,苏志燮
2150,克里斯·帕拉特
2151,戴夫·巴蒂斯塔
2152,凯伦·吉兰
2153,庞·克莱门捷夫
2154,王淏
2155,罗素·克劳
2156,安娜贝拉·沃丽丝
2157,索菲亚·波多拉
2158,阿丽亚娜·德博斯
2159,弗雷德·赫辛格
2160,亚历桑德罗·尼沃拉
2161,克里斯托弗·阿波特
2162,朱红星
2163,王燕飞
2164,叶繁铭伟
2165,万刘傲睿
2166,张楚文
2167,刘胜
2168,王煊然
2169,陈艺嘉
2170,罗伯托·贝尼尼
2171,尼可莱塔·布拉斯基
2172,乔治·坎塔里尼
2173,朱斯蒂诺·杜拉诺
2174,赛尔乔·比尼·布斯特里克
2175,郑奇
2176,王艺禅
2177,⾕伟
2178,齐克建
2179,陶洪泽
2180,凌振赫
2181,朱祎
2182,应采儿
2183,陈小春
2184,海伦娜·伯翰·卡特
2185,拉尔夫·费因斯
2186,刘嘉玲
2187,颜卓灵
2188,刘显达
2189,帕顿·奥斯瓦尔特
2190,凯文·哈特
2191,哈里森·福特
2192,艾瑞克·斯通斯崔特
2193,珍妮·斯蕾特
2194,杨进
2195,张洋
2196,王彦霖
2197,辛芷蕾
2198,杰夫·丹尼尔斯
2199,杜江
2200,黄子琪
2201,张钧涵
2202,郭金豪
2203,杜娟
2204,李明
2205,阿曼达·多诺休
2206,休·格兰特
2207,凯瑟琳·奥克森伯格
2208,彼得·卡帕尔迪
2209,赛米·戴维斯
2210,冯远征
2211,张嘉益
2212,马少骅
2213,高至霆
2214,谢苗
2215,黄涛
2216,班玛加
2217,海莉·贝利
2218,乔纳·豪尔-金
2219,梅丽莎·麦卡西
2220,戴维德·迪格斯
2221,高以翔
2222,武田铁矢
2223,李云龙
2224,蔡旭东
2225,陈永刚
2226,李星良
2227,曾美慧孜
2228,佟林楷
2229,康春雷
2230,仲村宗悟
2231,笠间淳
2232,神尾晋一郎
2233,三宅健太
2234,刘星佐
2235,杏林儿
2236,陈浩
2237,幻听
2238,一舟
2239,玛丽莎·托梅
2240,迈克尔·基顿
2241,雅各布·贝塔隆
2242,周光大
2243,刘军
2244,刘真君
2245,安迪·瑟金斯
2246,凯丽·拉塞尔
2247,李立宏
2248,臧金生
2249,阿奇·马德基
2250,平岳大
2251,达伦·巴内特
2252,杰森·雷特
2253,李昕
2254,郭皓
2255,陈业雄
2256,蔡欣然
2257,王一郎
2258,杨晨
2259,王逸宸
2260,王宁
2261,李震宏
2262,安雅·泰勒-乔伊
2263,杰克·布莱克
2264,朱丽·沃特斯
2265,魏大勋
2266,李雪琴
2267,吴谨言
2268,王西
2269,孙浠伦
2270,侯伊建
2271,佴文
2272,大鹏
2273,白客
2274,杨天翔
2275,李诗萌
2276,朱可儿
2277,查宁·塔图姆
2278,西耶娜·米勒
2279,马龙·韦恩斯
2280,张明健
2281,袁志博
2282,胡龄萌
2283,张会忠
2284,蕾雅·赛杜
2285,王薇
2286,藤新
2287,刘三木
2288,青泯邑
2289,吴磊
2290,王佳佳
2291,闫楠
2292,陈晓旭
2293,邓婕
2294,张莉
2295,李婷
2296,安德鲁·加菲尔德
2297,杰米·福克斯
2298,戴恩·德哈恩
2299,科鲁姆·费奥瑞
2300,王志文
2301,铃鹿央士
2302,饭丰万理江
2303,畠中祐
2304,小宫有纱
2305,照井春佳
2306,池松壮亮
2307,伊藤沙莉
2308,神野三铃
2309,黎骏声
2310,陈韵红
2311,王仁君
2312,王志飞
2313,刘智扬
2314,胡兵
2315,陈霖生
2316,王丹梦
2317,拉里·坦查克
2318,西蒙. 戈蒂埃
2319,陶飞霏
2320,朱杰
2321,潘泰名
2322,于震
2323,罗莎·萨拉查
2324,克里斯托弗·瓦尔兹
2325,基恩·约翰逊
2326,张博楠
2327,朱嘉镇
2328,王佳俊
2329,朱洁静
2330,邓韵
2331,方光
2332,吴雨承
2333,钟欣潼
2334,林栋甫
2335,赵禹睿
2336,艾玛·科林
2337,马修·麦克费登
2338,米娅·华希科沃斯卡
2339,克里斯平·格洛弗
2340,王珮瑜
2341,艾伯特·布鲁克斯
2342,艾伦·德杰尼勒斯
2343,亚历山大·古尔德
2344,布拉德·加内特
2345,大张伟
2346,韩洁
2347,牛军
2348,源唯杰
2349,黄精一
2350,李小璐
2351,范馨源
2352,路杨
2353,魏茹晨
2354,肖利滨
2355,彭媛
2356,左腾云
2357,陈玉彪
2358,张美煊
2359,班玛夺基
2360,赖二娃
2361,绫濑遥
2362,小出惠介
2363,阿井莉沙
2364,二夜直子
2365,蛭子能收
2366,姚晓棠
2367,巫迪文
2368,马歌
2369,文婕
2370,柯伊善
2371,朱宏
2372,董金龙
2373,陆艺火
2374,崔真真
2375,范晓萱
2376,王学兵
2377,刘佳
2378,胡可
2379,王祖蓝
2380,劳米·拉佩斯
2381,波姬·小丝
2382,克里斯托弗·阿特金斯
2383,莱奥·麦凯恩
2384,言慧珠
2385,林默予
2386,金川
2387,李保罗
2388,周刍
2389,徐海鹏
2390,练雅佳
2391,洪诗涵
2392,杨文
2393,张长敏
2394,露皮塔·尼永奥
2395,约瑟夫·奎恩
2396,亚历克斯·沃尔夫
2397,杰曼·翰苏
2398,小肉排
2399,泰勒·克奇
2400,琳恩·柯林斯
2401,托马斯·哈登·丘奇
2402,萨曼莎·莫顿
2403,江口洋介
2404,福山雅治
2405,石田壹成
2406,酒井法子
2407,大路惠美
2408,林江国
2409,王力可
2410,胡亚捷
2411,丁传惠
2412,华兰香
2413,黄设来
2414,江俊敏
2415,卢远
2416,余知远
2417,姜玥
2418,李森
2419,王大治
2420,苗圃
2421,柴碧云
2422,苗阜
2423,马飞
2424,林映彤
2425,黄宏轩
2426,涂善存
2427,席惟伦
2428,简嫙
2429,泰勒·拉塞尔
2430,洛根·米勒
2431,黛博拉·安·霍尔
2432,泰勒·莱伯恩
2433,杰·埃利斯
2434,威尔·史密斯
2435,杰森·贝特曼
2436,杰·海德
2437,埃迪·马森
2438,于非非
2439,王鹤龙
2440,房琳
2441,赵辉
2442,邓丽欣
2443,陈辉虹
2444,张锦程
2445,李云霄
2446,陈丽君
2447,张亚洲
2448,谢江慧
2449,范雅琪
2450,郑中玉
2451,郑迪
2452,周浩东
2453,刘子枫
2454,盖尔哈德·奥尔谢夫斯基
2455,高明
2456,杨亚洲
2457,汪漪
2458,石见舞菜香
2459,樱井优辉
2460,邱天
2461,包上恩
2462,陈昕葳
2463,邬家楷
2464,达斯汀·霍夫曼
2465,尾野真千子
2466,真木阳子
2467,风吹淳
2468,黄立行
2469,明道
2470,李淳
2471,李玖哲
2472,王霙
2473,徐箭
2474,孙维民
2475,保剑锋
2476,张宸汐
2477,黄昊月
2478,法旭如
2479,王子伊
2480,王奕雯
2481,张喆
2482,雷恪生
2483,钟远林
2484,温琼如
2485,李婳
2486,陈宇
2487,刘璇
2488,高放
2489,周波
2490,庄馨
2491,王莉
2492,崔璐
2493,柳岩
2494,张建峰
2495,窦晓璇
2496,郭霄
2497,杨少彭
2498,小豪尔赫·兰登伯格
2499,杰森·德鲁克
2500,帕梅拉·阿德龙
2501,宣萱
2502,赵英博
2503,丁赵端儀
2504,刘思博
2505,秦阳
2506,李沁
2507,陈贤恩
2508,孔连顺
2509,秦俊杰
2510,徐璐
2511,陆毅
2512,胡海锋
2513,张芷溪
2514,查德维克·博斯曼
2515,迈克尔·B·乔丹
2516,丹娜·奎里拉
2517,伊万·拉班达
2518,阿尔伯特·特里佛·塞加拉
2519,拉法·卡尔沃
2520,何塞·加西亚·托斯
2521,何塞·路易斯·梅地亚维拉
2522,耿帅
2523,小伟
2524,大橙子
2525,杨哥
2526,郑颖娴
2527,陈雅斓
2528,姚勇
2529,吴明晶
2530,周楚浠
2531,罗鹏
2532,晓凡
2533,张何昊臻
2534,陈哈琳
2535,齐溪
2536,公磊
2537,邢原源
2538,王博文
2539,高禹恒
2540,黄恒
2541,郭红进
2542,秦昊
2543,邓恩熙
2544,苏子芜
2545,陈新玥
2546,王亚琳
2547,陈睿婕
2548,韩秋雨
2549,中泉英雄
2550,裴中中
2551,晓双
2552,王鸿彬
2553,蔡书雅
2554,克利夫·柯蒂斯
2555,佩吉·肯尼迪
2556,依诺
2557,林浪
2558,温池禹
2559,赵复港
2560,李欣
2561,"朱刚日尧,赵波,常荻,邱林"
2562,刘向京
2563,武岳
2564,杰夫·科尔文
2565,大卫·爱登堡
2566,本杰明·布拉特
2567,拉塞尔·布兰德
2568,玛丽昂·歌迪亚
2569,岳昊
2570,马千壹
2571,徐艺瑄
2572,达科塔·高尤
2573,郑方
2574,苏倩芸
2575,左航
2576,蔡珩
2577,刘蕾
2578,杜鹃
2579,王真儿
2580,王韦智
2581,曾培
2582,陈创
2583,徐梵溪
2584,艾东
2585,桂纶镁
2586,姜成镐
2587,路克·伊凡斯
2588,杨明伟
2589,佩尔内尔·沃克
2590,苏晨
2591,尚璇
2592,文晴
2593,李墨之
2594,徐凯鑫
2595,曾庆生
2596,艾伦·艾克哈特
2597,拉蒙·罗德里格兹
2598,威尔·罗斯海尔
2599,科里·哈德里克
2600,吉姆·帕拉克
2601,李凯馨
2602,陈星旭
2603,元华
2604,徐少强
2605,张致恒
2606,劳拉·哈德克
2607,桑地亚哥·卡布瑞拉
2608,麦肯兹·戴维斯
2609,斯科特·麦克纳里
2610,艾斯琳·弗兰乔茜
2611,阿利克斯·韦斯特·莱弗勒
2612,蓝洁瑛
2613,官鸿
2614,卢杉
2615,潘一飞
2616,沈丹萍
2617,连晋
2618,赵毅维
2619,魏子昕
2620,周定宇
2621,张丹
2622,赵川
2623,冯果
2624,刘志林
2625,吴雨泽
2626,樊昱君
2627,姚星彤
2628,陈丽娜
2629,周铁
2630,任笑霏
2631,蔡兴麟
2632,徐冬冬
2633,陶红
2634,张雨提
2635,范雷
2636,郑清文
2637,京本大我
2638,古川琴音
2639,横田真悠
2640,三浦獠太
2641,坂口涼太郎
2642,黛西·雷德利
2643,Len J. Phillips
2644,Bernadette Janssen
2645,叶·丹尼尔
2646,汤镇宗
2647,陈之辉
2648,冯千
2649,阿兹·安萨里
2650,乔·贝哈
2651,克里斯托弗·坎贝尔
2652,阿兰·夏巴
2653,伊丝特尔·迪恩
2654,罗⽟川
2655,宋雅之
2656,李沛欣
2657,王戈
2658,刘陆
2659,米洛斯·比柯维奇
2660,瓦季姆·德姆乔格
2661,伊万·阿赫洛贝斯金
2662,亚历山德拉·伯蒂奇
2663,亚历山大·斯莫勒克
2664,袁文康
2665,易小寅
2666,敖磊
2667,左昕祺
2668,李溯
2669,雷鬼
2670,周冠宇
2671,戴维·库特哈德
2672,王子异
2673,洪浚嘉
2674,胡静
2675,周俞辰
2676,容启航
2677,曹国辉
2678,Wee-Ann Goh
2679,韩彦博
2680,张家城
2681,周楚濋
2682,董钒
2683,马克
2684,张歆艺
2685,郭柯宇
2686,孙之鸿
2687,金咖
2688,李茂
2689,林哲熹
2690,何泓姗
2691,巴图
2692,利亚·杰弗里斯
2693,伊亚娜·哈雷
2694,沙尔托·科普雷
2695,马丁·门罗
2696,黄海冰
2697,王彦华
2698,李奔
2699,罗子溢
2700,杨思琦
2701,彭蔚琼
2702,黄莞乔
2703,郭赫轩
2704,王尊
2705,岳柏翰
2706,邓伊涵
2707,张颖捷
2708,杨烁
2709,李萌萌
2710,刘流
2711,艾如
2712,熊睿玲
2713,黄觉
2714,董宝石
2715,佩内洛普·克鲁兹
2716,伊恩·麦柯肖恩
2717,凯文·麦克纳利
2718,江一燕
2719,赵汉唐
2720,谢天华
2721,麦长青
2722,曾佩仪
2723,韩三明
2724,舒芙蓉
2725,龚喜
2726,卢燕
2727,边程
2728,张淼怡
2729,黄佳容
2730,张丰毅
2731,黄爽
2732,刘蕊
2733,孙晨竣
2734,严屹宽
2735,安娜·德·阿玛斯
2736,安杰丽卡·休斯顿
2737,加布里埃尔·伯恩
2738,李丛喜
2739,黄璐
2740,陈传凯
2741,司马南
2742,简宇熙
2743,冯波
2744,辛巴
2745,徐承华
2746,王冰
2747,奚志农
2748,程滟云
2749,高冬平
2750,董畅
2751,胡家华
2752,孙健淇
2753,张江诗琴
2754,种丹妮
2755,温亚南
2756,张一鸣
2757,马尔科姆·麦克道威尔
2758,Lisa Kaltenegger
2759,李美琪
2760,吴建豪
2761,濮存昕
2762,吴秀波
2763,秦沛
2764,堀川亮
2765,宫村优子
2766,小茶
2767,艾伦·阿金
2768,塔拉吉·P·汉森
2769,吴莉
2770,陈逸啸
2771,米夏若
2772,丹尼·拉米雷斯
2773,茜拉·哈斯
2774,卡尔·鲁伯利
2775,弗雷迪·默丘里
2776,约翰·迪肯
2777,布赖恩·梅
2778,罗杰·泰勒
2779,江疏影
2780,杜镇杰
2781,张慧芳
2782,倪茂才
2783,魏海敏
2784,侯丹梅
2785,孙绍龙
2786,万思维
2787,王渊慧
2788,沈陶然
2789,仁青顿珠
2790,索郎尼马
2791,张籽沐
2792,薛闻君
2793,李捷沁
2794,马紫萱
2795,桑平
2796,切瓦特·埃加福
2797,王汉斌
2798,克索斯利尔·戈麦斯
2799,松田洋治
2800,石田百合子
2801,田中裕子
2802,小林薰
2803,西村雅彦
2804,桑伟淋
2805,石航正
2806,李艺科
2807,刘培清
2808,陈宣宇
2809,张珂铭
2810,佟瑞欣
2811,王维维
2812,王泽贤
2813,宋禹
2814,郝一菲
2815,高欣生
2816,索尔维格·多马尔坦
2817,奇克·奥尔特加
2818,埃迪·米切尔
2819,威廉·赫特
2820,阿德尔·卢茨
2821,林嘉华
2822,林子祥
2823,张天爱
2824,斯科特·格伦
2825,斯泰西·基齐
2826,唐娜·墨菲
2827,曾毅
2828,周奇
2829,王玉雯
2830,乔什·布洛林
2831,王祖贤
2832,午马
2833,刘兆铭
2834,林威
2835,林嘉欣
2836,张继聪
2837,王敏奕
2838,祝希娟
2839,巩汉林
2840,魏威
2841,苏拉
2842,张春仲
2843,赵伯松
2844,任祐萱
2845,郭常辉
2846,王永权
2847,保罗·麦斯卡
2848,丹泽尔·华盛顿
2849,李兰陵
2850,李由
2851,周文韬
2852,沙俊伯
2853,赵子琪
2854,朱锐
2855,陈妍希
2856,仲里依纱
2857,石田卓也
2858,板仓光隆
2859,垣内彩未
2860,谷村美月
2861,张鸿敬
2862,郭苏星
2863,李帛轩
2864,陈雪倩
2865,高洪胜
2866,范家其
2867,旺卓措
2868,王海祥
2869,林冬萍
2870,欧阳骏
2871,潘结
2872,孙阳
2873,太保
2874,刘江
2875,刘继忠
2876,高保成
2877,薄贯君
2878,奥丽伊·卡瓦洛
2879,华拉莱·钟
2880,罗丝·马塔费奥
2881,戴维·法恩
2882,金士杰
2883,景甜
2884,埃迪·雷德梅恩
2885,凯瑟琳·沃特斯顿
2886,丹·福勒
2887,艾莉森·萨多尔
2888,科林·法瑞尔
2889,何为
2890,魏嘉镁
2891,贺云庆
2892,韩伯维
2893,费尔南达·托雷斯
2894,费尔南达·蒙特内格罗
2895,赛尔顿·梅罗
2896,玛乔丽·埃斯蒂亚诺
2897,路易莎·科索夫斯基
2898,王天辰
2899,吕良伟
2900,姚培华
2901,秦紫翼
2902,刘方芳
2903,关子勰
2904,陈熙明
2905,薛芊芊
2906,黄蓉
2907,曹国涛
2908,李恩杨
2909,高虎
2910,泰伊·谢里丹
2911,奥利维亚·库克
2912,马克·里朗斯
2913,丽娜·维特
2914,朱光祖
2915,张茗
2916,周子瑜
2917,李亚鹏
2918,徐静蕾
2919,王渝文
2920,谢雨欣
2921,沈达威
2922,罗玉婷
2923,孙晔
2924,卡米拉·贝勒
2925,蒂姆·巴洛
2926,马克·可汗
2927,凯特·温斯莱特
2928,比利·赞恩
2929,凯西·贝茨
2930,弗兰西丝·费舍
2931,神木隆之介
2932,市原悦子
2933,成田凌
2934,康钰潇
2935,杨家麟
2936,Aber Mae
2937,廖佳军
2938,Samuel Goldstein
2939,陈元璞(阿璞)
2940,关小蕾
2941,萨姆·沃辛顿
2942,史蒂芬·朗
2943,蒋奇明
2944,朱珠
2945,王一通
2946,郑锡龙
2947,来钰
2948,杨程茗
2949,比尔·斯卡斯加德
2950,彭英子
2951,张凯
2952,宋美曼
2953,宋美慧
2954,奥古斯特·迪赫
2955,史特凡·柯纳斯克
2956,奥利维埃·古尔梅
2957,汉娜·斯蒂尔
2958,黑泽朋世
2959,石川由依
2960,土屋神叶
2961,名冢佳织
2962,新祐树
2963,田亮
2964,赵涛
2965,李竺斌
2966,潘剑林
2967,兰周
2968,周游
2969,索努·苏德
2970,米基·洛克
2971,陈琳
2972,辰析
2973,田占林
2974,宣言
2975,姜寒
2976,大冢匡将
2977,那志东
2978,肯·斯托特
2979,格拉汉姆·麦克泰维什
2980,周璇
2981,舒适
2982,黄宛苏
2983,白沉
2984,姜南
2985,梁靖康
2986,龚锐
2987,蔡夏颖
2988,薛玉琼
2989,周大红
2990,陈凤
2991,倍赏千惠子
2992,木村拓哉
2993,美轮明宏
2994,我修院达也
2995,郝祥海
2996,陈喆
2997,林强
2998,李轻扬
2999,林明祯
3000,陈湛文
3001,吕佩玉
3002,王衡
3003,穆雪婷
3004,徐思琦
3005,梁翠珊
3006,张宁浩
3007,任彬
3008,张青
3009,韩昊霖
3010,罗宾·怀特
3011,大卫·休里斯
3012,梁景东
3013,刘亦彤
3014,池瑞麟
3015,邵峰
3016,麦肯娜·格瑞丝
3017,克里斯蒂安·康佛瑞
3018,若山诗音
3019,花江夏树
3020,矶边万沙子
3021,瑞秋·麦克亚当斯
3022,斯蒂芬·弗雷
3023,春夏
3024,管轩
3025,徐幸
3026,屠画
3027,张衣
3028,王正佳
3029,杨太义
3030,李云虎
3031,万众
3032,聂栋才
3033,约翰·大卫·华盛顿
3034,伊丽莎白·德比齐
3035,肯尼思·布拉纳
3036,陶昕然
3037,赵炳锐
3038,谷智鑫
3039,张倩
3040,陈伟栋
3041,欧畅
3042,朱刚日尧
3043,张露
3044,比利·克鲁德普
3045,丹尼·麦克布莱德
3046,德米安·比齐尔
3047,瘦子
3048,陈嘉桦
3049,柯有伦
3050,丁宁
3051,小春
3052,谷嘉诚
3053,詹姆斯·柯本
3054,温特沃斯·米勒
3055,西耶娜·盖尔利
3056,波瑞斯·科乔
3057,大卫·勒格诺
3058,陈梦希
3059,何奉天
3060,维克多
3061,丽卡
3062,凯莱·弗莱明
3063,菲比·沃勒-布里奇
3064,约翰·卡拉辛斯基
3065,刘立龙
3066,袁中川
3067,燕兵
3068,李胜霞
3069,高大亮
3070,苏青
3071,杨轶
3072,李相炫
3073,王海涛
3074,卜钰
3075,张博鑫
3076,于震京
3077,林妙可
3078,裴梓原
3079,尚思乔
3080,莱克茜·邓特
3081,汤姆·派福瑞
3082,马修·莫里森
3083,林子杰
3084,吴文伦
3085,刘九容
3086,李肖宁
3087,郭玮洁
3088,张杍涵
3089,刘奚子
3090,汪诘
3091,役所广司
3092,柄本时生
3093,中野有纱
3094,山田葵
3095,麻生祐未
3096,权相佑
3097,廖凡
3098,刘承俊
3099,杜玉明
3100,维奥拉·戴维斯
3101,麦克斯·卡林内斯库
3102,德文·科恩
3103,德鲁·戴维斯
3104,欧文·梅森
3105,斯图尔特·雷斯顿
3106,瑞斯·伊凡斯
3107,丹尼斯·利瑞
3108,马丁·辛
3109,车晓
3110,鄂靖文
3111,李文玲
3112,温玉娟
3113,张山
3114,李星昊
3115,张晞临
3116,周美君
3117,梁龙
3118,刘莲姬
3119,丽芙·泰勒
3120,蒂姆·布雷克·尼尔森
3121,塞思·麦克法兰
3122,金汎
3123,隋凯
3124,王啸坤
3125,高维华
3126,于不凡
3127,刘杰
3128,张艺熙
3129,钟巍
3130,张琦
3131,张欣
3132,孟祥龙
3133,程玉珠
3134,刘婧荦
3135,高枫
3136,图特哈蒙
3137,林帽帽
3138,毛晓彤
3139,张俪
3140,李泽锋
3141,张凯丽
3142,阿牛
3143,锡日苏伦雅
3144,王全有
3145,韩亚奥
3146,安娜·肯德里克
3147,贾斯汀·汀布莱克
3148,佐伊·丹斯切尔
3149,克里斯托夫·梅兹-普莱瑟
3150,克里斯汀·芭伦斯基
3151,塞伊拉·沃西
3152,梅·维贾
3153,阿米尔·汗
3154,拉杰·阿晶
3155,提斯·沙马
3156,张嘉骐
3157,吴若萱
3158,何沛祺
3159,朱子俊
3160,施子墨
3161,林大竣
3162,李虎城
3163,鲍振江
3164,王庆祥
3165,廖京生
3166,左翎
3167,王振荣
3168,雷明
3169,德雷克·贝尔
3170,保利·肖尔
3171,Danila Medvedev
3172,Jonathan Salway
3173,Bernard Carl
3174,曹恩齐
3175,金梦阳子
3176,甄子琦
3177,辛雨锡
3178,张红爽
3179,卢湛禺
3180,向壁莹
3181,"田野,汤斯婷"
3182,李圣雄
3183,张文婷
3184,爱戴
3185,彭沐怡
3186,罗茜·汉丁顿-惠特莉
3187,张安琪
3188,王肖兵
3189,吴其江
3190,马藜
3191,林家川
3192,孙爽
3193,闫学晶
3194,黄俊鹏
3195,林静
3196,陆恩馨
3197,元武
3198,徐世昕
3199,茅菁
3200,李振宇
3201,Bill Fagerbakke
3202,Rodger Bumpass
3203,克兰西·布朗
3204,迪·布拉雷·贝克尔
3205,陈奕名
3206,冯萌梦
3207,郝劭文
3208,范瑞雪
3209,孔庆三
3210,苗侨伟
3211,李嘉文
3212,杨青
3213,安冬
3214,詹怀云
3215,江齐
3216,刘修甫
3217,黄冠智
3218,辛希亚·阿戴-罗宾森
3219,丹妮艾拉·皮内达
3220,桑德拉·布洛克
3221,乔治·克鲁尼
3222,艾德·哈里斯
3223,奥托·伊格内修森
3224,法尔杜特·夏尔马
3225,王班
3226,温明娜
3227,拉尔夫·马基奥
3228,乔舒亚·杰克逊
3229,何晟铭
3230,朱琳
3231,索朗旺姆
3232,周小伟
3233,梁鑫
3234,周政杰
3235,冯雷
3236,范逸臣
3237,中孝介
3238,林宗仁
3239,马念先
3240,丁海峰
3241,沈傲君
3242,赵珈琪
3243,浅野忠信
3244,亚历山大·斯卡斯加德
3245,蕾哈娜
3246,布鲁克琳·黛克
3247,丁嘉丽
3248,林心如
3249,莫小奇
3250,周拉多杰
3251,朋毛样专
3252,尕斗扎西
3253,屈楚萧
3254,魏如光
3255,白沙
3256,葛民辉
3257,约翰尼·诺克斯维尔
3258,星潮
3259,丽贝卡·豪尔
3260,布莱恩·泰里·亨利
3261,丹·史蒂文斯
3262,凯莉·霍特尔
3263,亚历克斯·费恩斯
3264,刘卓赟
3265,李毅恒
3266,鹿瑞娟
3267,蔡廷辉
3268,王惠康
3269,纪建平
3270,菲利普·霍奇迈尔
3271,约翰尼斯·艾麦亚
3272,马克西米连·布鲁克纳
3273,马提亚斯‧邦德舒
3274,法比安·布施
3275,孙越
3276,玛雅·凯洛哈
3277,克里斯·桑德斯
3278,西德尼·阿古顿
3279,比利·马格努森
3280,考特尼·万斯
3281,白威
3282,陈西贝
3283,陈瑾
3284,文熙
3285,李娇
3286,张懿涵
3287,宋悦欣
3288,周洪德
3289,吕艳婷
3290,囧森瑟夫
3291,瀚墨
3292,列维·施瑞博尔
3293,葆拉·马尔科姆森
3294,凯瑟琳·莫宁
3295,Devon Bagby
3296,杨猛
3297,陈俊希
3298,王雷
3299,王媛可
3300,蒋毅
3301,张曦文
3302,山崎敬一
3303,李梦男
3304,张弘博
3305,李依馨
3306,姚心怡
3307,李晓枫
3308,张苒
3309,及晓龙
3310,耿圣凯
3311,王艺萌
3312,米利森特·西蒙兹
3313,诺亚·尤佩
3314,尼古拉斯·霍尔特
3315,艾美·拉韦尔-兰普曼
3316,鲍比·纳德利
3317,李艾
3318,马正阳
3319,史安平
3320,史自刚
3321,程湛夫
3322,高凤兰
3323,奥利维娅·科尔曼
3324,艾米莉·莫迪默
3325,艾美达·斯丹顿
3326,查理·卓别林
3327,马克·斯旺
3328,汤姆·默里
3329,亨利·伯格曼
3330,马尔科姆·韦特
3331,岳野
3332,沙齐亚·赞莎
3333,荆俊威
3334,舒宣
3335,吉阳
3336,王奕博
3337,陈姝
3338,刘艾楠
3339,高天
3340,李晓磊
3341,陈镜宇
3342,张淙洋
3343,张雷
3344,魏翰林
3345,迈克·泰森
3346,蒋璐霞
3347,屈菁菁
3348,艾晓琪
3349,蒋欣
3350,冯嘉怡
3351,鲍李宁
3352,孙琰清
3353,南伏龙
3354,刘兴盛
3355,李志希
3356,滕文昊
3357,陈圆媛
3358,朱晏
3359,叶新晨
3360,刘涛
3361,崔志佳
3362,焦俊艳
3363,李昆鹰
3364,郑云龙
3365,曹磊
3366,曲博
3367,刘毅然
3368,尚晓仪
3369,张婧仪
3370,Eunice Cho
3371,麦丽·弗拉纳甘
3372,杰森·弗里基奥内
3373,比尔·哈德尔
3374,Kelly Keaton
3375,汤米·李·琼斯
3376,杰梅奈·克莱门特
3377,艾玛·汤普森
3378,王柏杰
3379,亚伦·保尔
3380,达科塔·约翰逊
3381,伊莫琴·普茨
3382,多米尼克·库珀
3383,瑞恩·高斯林
3384,汉娜·沃丁厄姆
3385,温斯顿·杜克
3386,李靖
3387,刘妤姻子
3388,姜佩汝
3389,刘若班
3390,刘蓓
3391,冯小刚
3392,英达
3393,安德斯·丹尼尔森·李
3394,乔西·查尔斯
3395,埃蒙·帕特里克·欧康奈
3396,徐梦洁
3397,莉娅·刘易斯
3398,马莫多·阿西
3399,罗纳尔多·德尔·卡门
3400,希拉·沃索夫
3401,温迪·麦丽登·康薇
3402,果靖霖
3403,虞朗
3404,曹曦月
3405,应昊茗
3406,罗立群
3407,董彦麟
3408,赵樱子
3409,杨程成
3410,索南拉丹
3411,白玛卓登
3412,扎西姬
3413,覃伟伟
3414,孙亮
3415,厉家兵
3416,玛鲁施卡·迪特马斯
3417,斯特凡纳·弗雷斯
3418,Mariusz Pujszo
3419,福本莉子
3420,松本穗香
3421,萩原圣人
3422,丁昀汐
3423,张华
3424,施大生
3425,邬君梅
3426,崔嵬
3427,孙永平
3428,仲星火
3429,顾也鲁
3430,约纳斯·基布雷亚布
3431,雷米·埃德格利
3432,布兰登·穆恩
3433,容尔甲
3434,李沐
3435,曹佑宁
3436,娄峻硕
3437,林美秀
3438,樊光耀
3439,满岛光
3440,冈田将生
3441,阿部隆史
3442,藤冈靛
3443,火野正平
3444,铃川纱由
3445,高石明里
3446,木户大圣
3447,新垣结衣
3448,张惠卿
3449,翁静晶
3450,萧子墨
3451,李国威
3452,金子
3453,展笑儿
3454,张洪睿
3455,许赢之
3456,安东尼·冈萨雷斯
3457,盖尔·加西亚·贝纳尔
3458,阿兰娜·乌巴赫
3459,芮妮·维克托
3460,永濑廉
3461,坂东龙汰
3462,前田拳太郎
3463,白石晴香
3464,胡欣
3465,吴思慕
3466,何艳新
3467,罗家英
3468,陈思诚
3469,詹姆斯·麦斯登
3470,罗娜·迈特拉
3471,卡尔·厄本
3472,马提亚斯·修奈尔
3473,梁壁荧
3474,陈凯洲
3475,白炎彬
3476,徐梵
3477,黄海波
3478,王彤
3479,大左
3480,金靖承
3481,卢佳
3482,程愫
3483,黄子腾
3484,张暖雅
3485,田璐
3486,关爱妮
3487,单立文
3488,瑞玛·席丹
3489,余伟国
3490,宁浩
3491,马克·哈米尔
3492,凯丽·费雪
3493,亚当·德赖弗
3494,普提蓬·阿萨拉塔纳功
3495,乌萨·萨梅坎姆
3496,莎琳拉·托马斯
3497,三亚·库纳康
3498,邦沙敦·宗威拉克
3499,赖雨濛
3500,刘冬沁
3501,朱丹妮
3502,王沛为
3503,汤加文
3504,江美仪
3505,贾斯蒂斯·史密斯
3506,伊莎贝拉·瑟蒙
3507,丹尼尔·克雷格
3508,莫妮卡·贝鲁奇
3509,巴合波力·胡阿提别克
3510,菈芯·哈米提
3511,阿勒哈尔·吐尔逊阿力
3512,泰莉莎·加拉赫
3513,西蒙·格林诺
3514,Michael Murphy
3515,Paul Panting
3516,Vinnie Penna
3517,张柏芝
3518,王雪纯
3519,郭子煜
3520,王艳
3521,刘凡
3522,辛云来
3523,陈乔恩
3524,吴樾
3525,科迪
3526,利蒂希亚·多施
3527,弗朗索瓦·达密安
3528,让-帕斯卡尔·扎迪
3529,安娜·多尔瓦尔
3530,朱夏
3531,秦立洋
3532,徐峰
3533,王乔
3534,昂哈妮玛
3535,巴森
3536,尹铸胜
3537,苏濛濛
3538,侯京健
3539,郭家豪
3540,单仕杰
3541,廉双岳
3542,许之糯
3543,肖子谦
3544,吴伊淳
3545,高梦涵
3546,冯意曾
3547,项斌
3548,孟子叶
3549,横泽启子
3550,初井言荣
3551,寺田农
3552,常田富士男
3553,那尔那茜
3554,卢小燕
3555,赵健文
3556,曾慕梅
3557,苏尚卿
3558,李璐
3559,叶知秋
3560,白马
3561,岛崎信长
3562,内田雄马
3563,兴津和幸
3564,浦和希
3565,海渡翼
3566,荣梓杉
3567,黄杨钿甜
3568,亚伦·皮埃尔
3569,小凯文·哈里森
3570,蒂凡尼·布恩
3571,麦斯·米科尔森
3572,普雷斯顿·尼曼
3573,闫鹿杨
3574,白小英楠
3575,刘若清
3576,诺米娜
3577,叶新宇
3578,李宗翰
3579,张火火
3580,肖轶
3581,谢冰
3582,王筝
3583,王大宇
3584,特立斯坦·罗宾
3585,赵子络
3586,泰伦斯·霍华德
3587,杰夫·布里吉斯
3588,莱丝莉·比伯
3589,楚布花羯
3590,余薇薇
3591,丁韶仪
3592,魏小欢
3593,苏广益
3594,陈姗姗
3595,李·佩斯
3596,王超伟
3597,鲜青洋
3598,李沛泽
3599,刘青扬
3600,陈志荣
3601,刘凯龙
3602,于滨滨
3603,袁苑
3604,唐萍
3605,张百爽
3606,匡胜利
3607,许满秀
3608,江文勇
3609,冯雪霞
3610,黄漫浠
3611,娜仁花
3612,邓晓光
3613,张愚
3614,倪美玲
3615,管宗祥
3616,沙法特·阿里
3617,Vasay Chaudhry
3618,Hina Dilpazir
3619,Adeel Hashmi
3620,Shabbir Jan
3621,查克·诺里斯
3622,檀健次
3623,蒋龙
3624,刘恋
3625,夏力薪
3626,卢镇业
3627,黄梓乐
3628,韦罗莎
3629,陈汉娜
3630,吴玉芳
3631,黄允桐
3632,杨舒婷
3633,凯洱
3634,麦小龙 Chelsey Mark
3635,Alexander Zerrath
3636,原菜乃华
3637,深津绘里
3638,染谷将太
3639,阿蒂娅
3640,王江
3641,杨家兴
3642,鹿晗
3643,代露娃
3644,宋妍霏
3645,刘帅良
3646,罗兰
3647,梁乐文
3648,张雪迎
3649,印小天
3650,姜大卫
3651,余香凝
3652,林保怡
3653,梁仲恒
3654,徐慧
3655,王梓
3656,徐刚
3657,刘圣博
3658,刘飞
3659,梦秦
3660,侯佛明
3661,张凯元
3662,速水奖
3663,高田裕司
3664,赵凯
3665,杨雪儿
3666,王军
3667,黄小超
3668,刘官琪
3669,单明凯
3670,脑门额尔德尼
3671,宫哲
3672,董圆圆
3673,张建国
3674,田磊
3675,刘薇
3676,张遥函
3677,朱迪·丹奇
3678,芬妮·阿尔丹
3679,玛丽亚·卡拉斯
3680,维托里奥·德西卡
3681,亚里士多德·奥纳西斯
3682,皮埃尔·保罗·帕索里尼
3683,郝文婷
3684,李卓霖
3685,黄勇
3686,张芝华
3687,战佳悦
3688,王晨光
3689,皓然
3690,卢瑶
3691,张兴超
3692,叶锐洪
3693,李会
3694,周嘉亨
3695,黄馨
3696,陈伟霆
3697,王紫璇
3698,刘腾远
3699,童苡萱
3700,颜北
3701,纪晓烽
3702,侯桐江
3703,周里京
3704,石琳
3705,彭博
3706,李春胤
3707,翟巍
3708,利亚姆·海姆斯沃斯
3709,罗蓬
3710,李先时
3711,刘赫扬
3712,常高明
3713,张曼玉
3714,潘迪华
3715,雷震
3716,萧炳林
3717,陆骏光
3718,谈善言
3719,李昀蔚
3720,凯西·沙斯
3721,保罗·博尔内
3722,朱利安·克朗蓬
3723,皮埃尔·泰西耶
3724,戈捷·巴图埃
3725,巩峥
3726,郑润奇
3727,钟少贤
3728,卢珊
3729,郑鹏生
3730,连锡龙
3731,关智斌
3732,戴娇倩
3733,丁子峻
3734,曹馨月
3735,黎明
3736,孟滚
3737,赵子毅
3738,车永莉
3739,旦正多杰
3740,谢蔚
3741,吉莹
3742,吴海涛
3743,吴瑞
3744,仰洋
3745,罗泽楷
3746,陈韦欣
3747,李军
3748,张新成
3749,郑晓明
3750,王辉
3751,夏磊
3752,盛晨晨
3753,迈尔斯·特勒
3754,保罗·雷瑟
3755,梅莉莎·班诺伊
3756,奥斯汀·斯托维尔
3757,松重丰
3758,内田有纪
3759,矶村勇斗
3760,村田雄浩
3761,盐见三省
3762,刘欢
3763,倪惠英
3764,欧凯明
3765,海帆
3766,杨梦露
3767,布里吉特·方达
3768,Jeremy Guilbaut
3769,切尔西·霍布斯
3770,Robert Wisden
3771,Wanda Cannon
3772,朱丽叶·比诺什
3773,贝努特·里格恩特
3774,弗罗伦斯·派梅尔
3775,夏洛特·韦里
3776,海伦·文森特
3777,李林金
3778,路易·科比特
3779,王姬
3780,孔维
3781,傅程鹏
3782,杨明娜
3783,宗峰岩
3784,韩远琪
3785,刘知否
3786,常文涛
3787,Jessie J
3788,杰西·泰勒·弗格森
3789,克里斯·韦奇
3790,詹妮弗·洛佩兹
3791,郑希
3792,阎么么
3793,吴哲
3794,周钦霖
3795,桑德拉·惠勒
3796,斯万·阿劳德
3797,米洛·马查多·格拉纳
3798,安托万·赖纳茨
3799,塞缪尔·泰斯
3800,韩东君
3801,乔恩·哈姆
3802,李易祥
3803,王德顺
3804,易莉
3805,穆梦娇
3806,幸封燚
3807,张伟杰
3808,陈林雨
3809,单禹豪
3810,张天其
3811,张哲
3812,毛凡
3813,金靖
3814,吴晶晶
3815,迈克尔·安格拉诺
3816,初俊辰
3817,陶冰冰
3818,辛一
3819,周玉鹏
3820,片山福十郎
3821,野田顺子
3822,亚瑟·朗斯贝里
3823,高桥直纯
3824,朝井彩加
3825,梅森·泰晤士
3826,妮可·帕克
3827,加布里埃尔·豪尔
3828,曹翠芬
3829,沈诗雨
3830,郄路通
3831,周卫星
3832,更登彭措
3833,加华草
3834,王歆霆
3835,魏军
3836,多米尼克·菲什巴克
3837,彼得·库伦
3838,彼特·丁拉基
3839,唐禹哲
3840,徐嘉雯
3841,侯东
3842,王蕾
3843,韩建懿
3844,杨新华
3845,华金·菲尼克斯
3846,Lady Gaga
3847,布莱丹·格里森
3848,莎姬·贝兹
3849,舒遥
3850,沁坤
3851,杨欣荣
3852,苏莎
3853,王新华
3854,李伟龙
3855,彭崯
3856,巧凤
3857,王雪涵
3858,李析灿
3859,蒂尔达·格哈姆-哈维
3860,斯蒂芬·格拉汉姆
3861,金·波德尼亚
3862,詹妮特·海因
3863,田峻丞
3864,张珏
3865,姜浩严
3866,张加怀
3867,崔良麒
3868,卡罗琳·劳伦斯
3869,刘硕
3870,田锋
3871,郝蕾
3872,席嘉琪
3873,杨坤
3874,王晓赟子
3875,杜建桥
3876,赵志伟
3877,宁子
3878,常荻
3879,季晨
3880,汤怡
3881,郭艳
3882,房程程
3883,柳扬
3884,陶醉
3885,李楠
3886,张海宇
3887,阿云嘎
3888,白杨
3889,陶金
3890,舒绣文
3891,吴茵
3892,丁冠森
3893,晏紫东
3894,郭丞
3895,冯兵
3896,丹曲
3897,陶海
3898,保罗·贝坦尼
3899,凯利·蕾莉
3900,张艺瀚
3901,赵一霖
3902,李晓雨
3903,李浩亮
3904,陈清华
3905,周永阳
3906,白晓鸥
3907,许还幻
3908,张辉
3909,吟良犬
3910,张帆
3911,漆凯
3912,张晨光
3913,赵天宇
3914,付佳昊
3915,孟林尚杰
3916,杜筑筠
3917,赵娜
3918,黄晨
3919,黄静涵
3920,刘禹歌
3921,唐昊
3922,罗金祥
3923,李季
3924,李若希
3925,费龙
3926,蔡文静
3927,许晴
3928,方励
3929,托尼·班纳姆
3930,林阿根
3931,丹尼斯·莫利
3932,威廉·班尼菲尔德
3933,田中敦子
3934,大塚明夫
3935,山寺宏一
3936,大木民夫
3937,家弓家正
3938,李紫萱
3939,夏浩然
3940,王欣政
3941,由全盛
3942,左楷凡
3943,谭阔阔
3944,任山
3945,茹天
3946,刘冠廷
3947,黄浩然
3948,杨偲泳
3949,约翰·传奇
3950,罗丝玛丽·德薇特
3951,芬·维特洛克
3952,吴晓东
3953,赵小东
3954,张晗
3955,王润萱
3956,侯立新
3957,唐良凤
3958,谭新宇
3959,史俊弦
3960,李斌
3961,史晨熙
3962,王蓉蓉
3963,谭孝曾
3964,李宏图
3965,杜喆
3966,迈克尔·珊农
3967,凯文·科斯特纳
3968,戴安·琳恩
3969,任悦鸣
3970,韦宝拉
3971,闫震宁
3972,Koryshev Oleksandr
3973,马修·阿马立克
3974,吉安卡罗·吉安尼尼
3975,山崎贤人
3976,奈绪
3977,安藤政信
3978,村上虹郎
3979,吴俊全
3980,卢力峰
3981,金喜全
3982,奚中路
3983,胡滨
3984,潘月娇
3985,宋芸桦
3986,郑合惠子
3987,刘同
3988,郝瀚
3989,陈数
3990,苍井翔太
3991,柿原彻也
3992,铃木达央
3993,冈咲美保
3994,耍惹阿佳
3995,曲别阿伍
3996,啥妈石古
3997,阿史尔罗
3998,阿落日定
3999,徐雷智
4000,赵越
4001,黄荣
4002,张耀宇
4003,山新
4004,刘明月
4005,朱婧
4006,栾立胜
4007,陈雨浓
4008,王艺荻
4009,姚安濂
4010,曲丰国
4011,陈嘉阳
4012,王诗云
4013,刘桂红
4014,黄美菊
4015,裘巧芳
4016,倪锦锦
4017,咏梅
4018,吴倩
4019,约纳斯·阿姆斯特朗
4020,基特·康纳
4021,比尔·奈伊
4022,唐纳德·萨瑟兰
4023,简·默勒尼
4024,克里斯蒂·米切尔
4025,罗伯特·沃克·布兰乔德
4026,宋玺
4027,何世杰
4028,杨文平
4029,刘仔才
4030,杨旭聪
4031,郑景元
4032,胡彩虹
4033,安松
4034,石俊辉
4035,吴东
4036,连姆·尼森
4037,周杰伦
4038,陈楚河
4039,何伟
4040,储智博
4041,郝岩
4042,亚历山德拉·达达里奥
4043,卡拉·古奇诺
4044,雨果·约翰斯通-伯特
4045,雅奇·潘嘉比
4046,李光复
4047,孙桂田
4048,李元元
4049,董晨
4050,塞巴斯蒂安·尤金·汉森
4051,艾玛·迈尔斯
4052,丹妮尔·布鲁克斯
4053,吕聿来
4054,许薇
4055,金妮弗·古德温
4056,关继威
4057,夏奇拉
4058,昆塔·布伦森
4059,徐必成
4060,罗思源
4061,林恒
4062,蒋涛
4063,孙麟威
4064,孙继堂
4065,夏正兴
4066,朱栋青
4067,王学东
4068,于清斌
4069,张泓鸣
4070,柴烨
4071,王玥婷
4072,万国鹏
4073,柯佳嬿
4074,施柏宇
4075,颜毓麟
4076,严艺文
4077,田华
4078,李林
4079,陈戈
4080,李萌
4081,夏佩杰
4082,凯德·伍德沃德
4083,戎祥
4084,王双宝
4085,陈立农
4086,李现
4087,史蒂夫·扎恩
4088,卡琳·考诺娃
4089,阿米尔·米勒
4090,米咪
4091,胡春杨
4092,范少勋
4093,辛西娅·埃里沃
4094,爱莉安娜·格兰德
4095,陈航
4096,钱门超
4097,赵刚
4098,樊先令
4099,蔡翱骏
4100,马卷卷
4101,张浩渊
4102,徐逸轩
4103,徐小晰
4104,穆恩·布拉得古德
4105,安东·叶利钦
4106,陈嘉敏
4107,韩玉杰
4108,李梓瑜
4109,任青安
4110,陆烟
4111,法缇玛·萨那·纱卡
4112,桑亚·玛荷塔
4113,阿帕尔夏克提·库拉那
4114,沙克希·坦沃
4115,林青霞
4116,董骠
4117,楚原
4118,汤嬿
4119,胡先煦
4120,长江
4121,闻雨
4122,李昂
4123,文东俊
4124,赵小宁
4125,崔宏利
4126,王新中
4127,梁丽
4128,黄飞
4129,程琪
4130,江口拓也
4131,早见沙织
4132,种崎敦美
4133,松田健一郎
4134,甲斐田裕子
4135,野泽雅子
4136,八奈见乘儿
4137,鹤弘美
4138,丁笑宜
4139,王仁
4140,森山周一郎
4141,加藤登纪子
4142,桂三枝
4143,上条恒彦
4144,F·默里·亚伯拉罕
4145,童蕾
4146,刘畅
4147,陈衍利
4148,黄兆函
4149,倪萍
4150,小飞
4151,喻舟
4152,刘以豪
4153,李靖筠
4154,刘林城
4155,尹汝贞
4156,柳海真
4157,金允珍
4158,郑承华
4159,金瑞亨
4160,黄品沅
4161,刘禹霆
4162,乔振宇
4163,王刚
4164,小破孩
4165,小丫
4166,坏坏
4167,凌潇肃
4168,赵静
4169,王勇
4170,刘磊
4171,迪皮卡·帕度柯妮
4172,吴亦凡
4173,韩再芬
4174,黄新德
4175,佘诗曼
4176,陈敏之
4177,沈震轩
4178,满旭春
4179,贾永红
4180,张少华
4181,穆婷婷
4182,徐梓涵
4183,尼尔·塞西
4184,比尔·默瑞
4185,邓伦
4186,王子文
4187,汪铎
4188,池内博之
4189,舒童
4190,宋沐心
4191,李亚天
4192,赵今麦
4193,薛白
4194,谭托
4195,刘强
4196,朱诺·坦普尔
4197,江俊潮
4198,张倩僮
4199,詹羽轩
4200,唐诗蔓
4201,李泽华
4202,陈锐
4203,陶贤锋
4204,斯科特·阿金斯
4205,李宛妲
4206,汪锡宏
4207,张词
4208,海热古丽·艾山
4209,艾克拜尔·牙合甫
4210,陈美行
4211,王成钧
4212,孙杨
4213,中山美穗
4214,丰川悦司
4215,酒井美纪
4216,柏原崇
4217,范文雀
4218,陈少熙
4219,张弛
4220,熊欣欣
4221,宋祖儿
4222,王愫稣
4223,林敏
4224,李芷珺
4225,英壮
4226,麦家琪
4227,林子烨
4228,裴佳欣
4229,和多田美咲
4230,久野美咲
4231,张旭印
4232,蒋坤成
4233,Sabrina
4234,周圣超
4235,周禹汐
4236,凯瑟琳·纽顿
4237,克里斯·吉尔
4238,朱莉娅·罗伯茨
4239,莉莉·柯林斯
4240,艾米·汉莫
4241,内森·连恩
4242,肖恩·宾
4243,刘鑫
4244,王伟东
4245,王丽涵
4246,梅尔·吉布森
4247,周爽丽
4248,大庆
4249,王钰杰
4250,汤姆·伯克
4251,艾莉拉·布朗
4252,乔治·谢夫佐夫
4253,刘奕畅
4254,盛一伦
4255,林乐炫
4256,梁戟
4257,吴玉玲珑
4258,伍禹坤
4259,乔珂
4260,赵秀丽
4261,陈好
4262,龚业珩
4263,栢天男
4264,张龄心
4265,王晴
4266,李昊臻
4267,陈嫣嫣
4268,张振荣
4269,刘佳辉
4270,唐彩霞
4271,武东
4272,布蕾克·莱弗利
4273,贾斯汀·贝尔杜尼
4274,布兰登·斯克莱纳
4275,哈桑·明哈杰
4276,李亚林
4277,梁音
4278,金迪
4279,杨洸
4280,刘增庆
4281,李慧娴
4282,叶佳林
4283,骆继上
4284,杨茁
4285,刘旸
4286,孟映宏
4287,伊登·丹布林
4288,古斯塔夫·德·瓦埃勒
4289,艾米莉·德奎恩
4290,蕾雅·德吕盖
4291,凯文·扬森斯
4292,林晓峰
4293,朱永棠
4294,王天放
4295,滕哲
4296,吕严
4297,袁立
4298,茅善玉
4299,钱思剑
4300,凌月刚
4301,吴争光
4302,黛西·埃德加-琼斯
4303,格伦·鲍威尔
4304,大卫·科伦斯韦
4305,布兰登·佩利亚
4306,李耀杰
4307,刘乙霖
4308,黄焕岚
4309,唐锴锐
4310,张耀醒
4311,杨竣羽
4312,刘唱
4313,李岩
4314,周曈
4315,马浴柯
4316,陈国坤
4317,布瑞金·梅耶
4318,詹妮弗·洛芙·休伊特
4319,比利·康诺利
4320,伊安·艾伯克龙比
4321,衣云鹤
4322,维也纳爱乐乐团
4323,维也纳国家芭蕾舞团
4324,里卡尔多·穆蒂
4325,弗朗兹·威尔瑟-莫斯特
4326,武文佳
4327,陈龙
4328,章龄之
4329,石凉
4330,苏小玎
4331,海陆
4332,贾樟柯
4333,胡晓光
4334,底玲冲
4335,古亚鹏
4336,李文豪
4337,宋昊旻
4338,陈子平
4339,傅铂涵
4340,郝怡霖
4341,朱佳煜
4342,林京来
4343,钟宇然
4344,马丁·劳伦斯
4345,亚历山大·路德韦格
4346,葆拉·努涅斯
4347,塞缪尔·拉巴特
4348,让-保罗·博德斯
4349,米凯尔·奇里尼安
4350,朱尔斯·萨多吉
4351,热雷米·拉厄尔特
4352,达里奥·格兰迪内蒂
4353,玛丽娅·玛努尔
4354,莫妮卡·比利亚
4355,丽塔·科尔泰塞
4356,胡丽叶塔·泽尔贝伯格
4357,金采风
4358,陈少春
4359,姚水娟
4360,周宝奎
4361,魏凤娟
4362,吴汉钧
4363,王昭
4364,郭金杰
4365,王侃
4366,伊利亚·伍德
4367,西恩·奥斯汀
4368,维果·莫腾森
4369,施予斐
4370,栾元晖
4371,秦越
4372,程煜
4373,吴冕
4374,丁勇岱
4375,袁弘
4376,唐曾
4377,温心
4378,梁丹妮
4379,张绍荣
4380,琪琪
4381,竹内顺子
4382,中村千绘
4383,筱原惠美
4384,伊仓一惠
4385,绫野刚
4386,斋藤润
4387,北村一辉
4388,芳根京子
4389,桥本润
4390,布莱德利·库珀
4391,岑建勋
4392,严浩
4393,杨林
4394,王圣方
4395,黄政浩
4396,游乐儿 Le-er You
4397,张玄墨
4398,杨凯祺
4399,兰陶倚
4400,䙞琦
4401,卢克·崔德威
4402,猫鲍勃
4403,露塔·格德米纳斯
4404,琼安·弗洛加特
4405,安东尼·海德
4406,乔治娅
4407,王柠
4408,陈齐
4409,彭望龙
4410,唐彬豪
4411,叶少兰
4412,尚长荣
4413,朱强
4414,孟广禄
4415,傅亨
4416,伊春德
4417,朱时茂
4418,孙海英
4419,赵有亮
4420,阿曼达·皮特
4421,坦迪·牛顿
4422,奥利弗·普莱特
4423,舒畅
4424,张甲田
4425,李健
4426,董李无忧
4427,袁霞
4428,王心刚
4429,陆丽珠
4430,顿珠次仁
4431,吴健
4432,卓依娜姆
4433,徐筠
4434,袁隆平
4435,翟乃社
4436,曹艳艳
